AccountAgeDays,TotalOrders,OrdersLast24h,OrdersLast7d,CancelledOrders,CancelRate,CurrentOrderValue,AvgOrderValue,IsCod,CodOrderCount,PhoneUsedCount,AddressUsedCount,ItemCount,TotalQuantity,StatusChangeCount,CancelledOrdersLast24h,CancelRateLast24h,CancelledOrdersLast7d,CancelRateLast7d,IsRisk
5,5,1,2,1,0.2,2148410,1814932,1,1,1,1,6,15,0,0,0.0,1,0.5,true
196,30,0,10,24,0.8,3501516,2942737,1,30,2,1,2,5,2,0,0,6,0.6,true
272,17,0,8,8,0.471,2871524,2669719,1,15,1,2,5,5,5,0,0,7,0.875,true
6,6,2,2,2,0.333,44096387,266862,1,6,1,1,2,3,4,0,0.0,2,1.0,true
124,48,2,11,5,0.104,1825126,1230636,1,39,1,1,2,2,2,0,0.0,0,0.0,false
731,22,1,1,0,0.0,1146963,979700,1,21,1,1,1,3,2,0,0.0,0,0.0,false
8,11,5,11,2,0.182,1764767,1441031,1,3,2,2,2,5,5,0,0.0,2,0.182,true
318,18,1,6,13,0.722,2412561,2368340,1,11,2,1,3,6,4,1,1.0,3,0.5,true
11,6,4,6,1,0.167,661679,313304,1,6,2,2,2,7,2,1,0.25,1,0.167,true
653,20,0,3,2,0.1,863724,744546,1,17,2,1,4,5,4,0,0,0,0.0,false
3,1,1,1,0,0.0,128823,157959,1,1,1,1,1,3,0,0,0.0,0,0.0,false
396,40,1,1,5,0.125,529902,735017,1,40,1,1,1,5,1,0,0.0,0,0.0,false
242,39,0,0,2,0.051,1317584,706723,1,14,1,1,1,5,4,0,0,0,0,false
104,9,0,0,1,0.111,518318,237883,1,5,1,1,2,5,4,0,0,0,0,false
389,15,2,8,1,0.067,863691,476788,1,15,1,1,4,5,4,0,0.0,0,0.0,false
460,51,1,5,3,0.059,24305357,15387014,1,38,1,1,5,5,3,0,0.0,1,0.2,false
206,24,0,6,13,0.542,3333634,644889,1,11,1,1,1,4,6,0,0,3,0.5,true
530,9,0,0,1,0.111,263289,806535,1,7,1,1,2,5,4,0,0,0,0,false
26,12,3,9,2,0.167,1479104,695014,1,2,1,2,4,2,1,2,0.667,2,0.222,true
27,12,7,9,3,0.25,3674745,726940,1,10,2,1,1,3,4,2,0.286,2,0.222,true
2,3,0,3,0,0.0,518184,264327,1,3,1,1,1,1,0,0,0,0,0.0,false
396,35,1,2,2,0.057,1219087,946937,1,21,1,1,3,4,1,0,0.0,0,0.0,false
362,16,1,2,15,0.938,3859362,287270,1,6,2,1,4,3,4,1,1.0,2,1.0,true
1,2,0,1,0,0.0,575002,113276,1,2,1,1,1,2,0,0,0,0,0.0,false
92,7,0,4,2,0.286,2540114,788989,1,5,5,6,2,4,2,0,0,1,0.25,true
3,5,0,5,2,0.4,6247501,1004903,1,4,1,1,5,15,4,0,0,2,0.4,true
46,40,1,7,5,0.125,868734,1452243,1,40,1,1,2,1,3,0,0.0,0,0.0,false
7,2,1,2,0,0.0,160657,458666,1,2,1,1,1,2,0,0,0.0,0,0.0,false
34,13,0,6,9,0.692,2191349,2326964,1,9,1,2,3,2,2,0,0,5,0.833,true
302,40,0,0,0,0.0,448779,1002312,1,28,1,1,2,2,4,0,0,0,0,false
73,11,2,8,6,0.545,1680234,984251,1,11,1,1,1,8,3,2,1.0,5,0.625,true
48,18,4,11,5,0.278,4881401,1264113,1,11,2,2,3,3,4,1,0.25,1,0.091,true
6,6,2,3,2,0.333,5035850,818681,1,6,1,1,3,8,3,0,0.0,2,0.667,true
202,12,0,2,0,0.0,314947,332323,1,10,1,1,1,1,1,0,0,0,0.0,false
51,12,6,10,3,0.25,320524,523011,1,5,2,2,1,5,3,1,0.167,1,0.1,true
297,25,0,2,1,0.04,43513553,46513335,1,17,1,1,2,2,1,0,0,0,0.0,false
1,1,0,1,0,0.0,19470532,1440312,1,1,1,1,8,19,3,0,0,0,0.0,true
1,6,2,5,1,0.167,3981177,1535295,1,6,1,1,2,2,0,0,0.0,1,0.2,true
733,20,0,4,0,0.0,1324049,813475,1,20,1,1,2,2,3,0,0,0,0.0,false
26,3,2,3,3,1.0,585749,930969,1,3,1,1,5,5,8,2,1.0,3,1.0,true
3,3,0,1,0,0.0,203586,330161,1,3,1,1,1,2,0,0,0,0,0.0,false
1,8,0,4,0,0.0,18772693,4753374,1,8,1,1,3,6,4,0,0,0,0.0,true
4,5,0,5,2,0.4,17133224,450761,1,3,1,1,9,11,2,0,0,2,0.4,true
192,12,0,4,0,0.0,1211612,1004921,1,2,2,1,4,4,3,0,0,0,0.0,false
227,11,0,0,0,0.0,78805754,7630054,1,9,1,1,2,1,2,0,0,0,0,false
35,3,3,3,1,0.333,2194540,206936,1,2,2,1,5,6,2,1,0.333,1,0.333,true
964,37,1,3,1,0.027,63766628,23765620,1,32,1,1,2,3,5,0,0.0,1,0.333,false
4,1,1,1,0,0.0,672447,335021,1,1,1,1,1,3,0,0,0.0,0,0.0,false
131,18,0,9,16,0.889,1094775,2716025,1,14,2,1,3,3,6,0,0,9,1.0,true
46,7,1,7,5,0.714,2697890,2524314,1,7,1,2,5,3,8,0,0.0,5,0.714,true
247,45,1,4,9,0.2,1639313,1321211,1,45,1,1,4,6,3,0,0.0,2,0.5,false
7,8,1,6,2,0.25,6506674,3881576,1,8,1,1,4,7,0,0,0.0,2,0.333,true
500,22,0,4,1,0.045,332552,744010,1,22,1,1,3,3,1,0,0,1,0.25,false
338,14,0,4,0,0.0,1029275,1039223,1,11,1,1,3,4,4,0,0,0,0.0,false
422,46,0,12,3,0.065,1265727,954992,1,37,1,1,4,4,1,0,0,0,0.0,false
327,18,2,9,0,0.0,2470602,1634553,1,12,1,1,2,3,5,0,0.0,0,0.0,false
672,37,1,3,4,0.108,183594,1056029,1,35,1,1,2,5,3,0,0.0,0,0.0,false
4,5,1,2,0,0.0,5778434,1355406,1,3,1,1,3,30,0,0,0.0,0,0.0,true
260,16,0,3,13,0.812,2004441,1915494,1,2,7,5,3,6,3,0,0,2,0.667,true
6,4,1,3,2,0.5,15765419,667539,1,2,1,1,10,10,2,1,1.0,2,0.667,true
94,19,2,13,0,0.0,2246161,687954,1,14,1,1,3,7,4,0,0.0,0,0.0,false
7,7,2,7,0,0.0,45567885,858044,1,7,1,1,1,4,4,0,0.0,0,0.0,true
311,37,0,8,1,0.027,1884252,1258417,1,28,1,1,2,5,5,0,0,0,0.0,false
457,26,1,5,21,0.808,3074232,1296225,1,25,2,2,2,6,3,1,1.0,2,0.4,true
48,7,3,3,5,0.714,808340,1834760,1,3,1,1,1,1,6,3,1.0,3,1.0,true
290,25,1,10,19,0.76,692850,418576,1,11,1,2,3,5,6,0,0.0,2,0.2,true
215,13,1,6,8,0.615,2539412,1539675,1,13,5,8,1,6,4,0,0.0,6,1.0,true
3,3,0,3,0,0.0,113796,551578,1,3,1,1,1,2,0,0,0,0,0.0,false
330,39,0,0,0,0.0,867091,995685,1,24,1,1,1,4,1,0,0,0,0,false
989,26,1,4,1,0.038,48044635,10754484,1,16,1,1,4,8,4,0,0.0,0,0.0,false
7,4,1,4,2,0.5,4742121,2056574,1,2,1,1,10,10,2,0,0.0,0,0.0,true
656,28,1,2,1,0.036,28974879,13270171,1,14,1,1,1,7,5,0,0.0,0,0.0,false
71,4,3,4,4,1.0,2695157,541116,1,4,1,1,4,5,7,3,1.0,4,1.0,true
289,9,1,7,1,0.111,1693850,1409326,1,9,1,1,1,4,4,0,0.0,0,0.0,false
102,18,3,12,12,0.667,1500925,2381266,1,16,1,1,4,2,5,2,0.667,11,0.917,true
236,34,0,2,4,0.118,1927989,1053898,1,34,1,1,4,5,3,0,0,1,0.5,false
7,3,0,1,0,0.0,439743,194675,1,3,1,1,1,3,0,0,0,0,0.0,false
618,40,0,0,0,0.0,175556,924302,1,31,1,1,3,2,4,0,0,0,0,false
293,5,1,5,5,1.0,2542861,421730,1,5,1,2,4,3,8,1,1.0,5,1.0,true
7,7,1,1,1,0.143,45824175,303508,1,7,1,1,1,5,4,1,1.0,1,1.0,true
3,1,0,1,0,0.0,312785,615482,1,1,1,1,1,3,0,0,0,0,0.0,false
4,2,2,2,2,1.0,7408263,1082177,1,1,1,1,8,25,2,1,0.5,1,0.5,true
73,13,2,7,10,0.769,3535475,874362,1,4,1,1,5,2,7,2,1.0,3,0.429,true
12,8,0,8,2,0.25,2926467,2757739,1,4,4,7,4,2,2,0,0,2,0.25,true
219,5,1,3,0,0.0,551545,855889,1,1,1,1,1,4,1,0,0.0,0,0.0,false
482,22,1,10,3,0.136,1477392,799606,1,18,1,1,2,4,3,0,0.0,0,0.0,false
59,11,3,11,8,0.727,799771,1665269,1,11,1,2,4,3,7,1,0.333,6,0.545,true
199,35,2,8,1,0.029,450490,226560,1,35,1,1,2,6,1,1,0.5,1,0.125,false
4,1,0,1,0,0.0,6049771,1285707,1,1,1,1,8,27,3,0,0,0,0.0,true
125,19,0,1,2,0.105,1665069,1182045,1,4,2,2,4,4,2,0,0,0,0.0,false
2,1,1,1,0,0.0,429138,397915,1,1,1,1,1,1,0,0,0.0,0,0.0,false
53,13,5,10,11,0.846,1675258,938640,1,9,1,1,4,6,2,5,1.0,8,0.8,true
6,5,1,3,1,0.2,13710182,1432301,1,5,1,1,5,1,1,0,0.0,0,0.0,true
455,40,1,2,1,0.025,1157500,1094461,1,37,1,1,3,3,1,0,0.0,0,0.0,false
411,44,1,7,6,0.136,1632801,1094779,1,44,1,1,2,3,2,0,0.0,0,0.0,false
6,2,0,2,0,0.0,295379,691474,1,2,1,1,1,2,0,0,0,0,0.0,false
3,2,0,1,0,0.0,231363,565517,1,2,1,1,1,1,0,0,0,0,0.0,false
155,13,0,7,12,0.923,403376,1164711,1,11,8,4,1,5,5,0,0,2,0.286,true
6,1,1,1,0,0.0,45099485,4630481,1,1,1,1,4,4,1,0,0.0,0,0.0,true
2,7,2,4,0,0.0,32472064,330126,1,7,1,1,2,2,3,0,0.0,0,0.0,true
412,36,0,14,1,0.028,247959,1529357,1,30,1,1,1,3,5,0,0,0,0.0,false
467,26,1,8,3,0.115,2291457,1339804,1,25,1,1,1,5,4,0,0.0,0,0.0,false
2,3,1,1,0,0.0,225584,361981,1,3,1,1,1,2,0,0,0.0,0,0.0,false
44,3,3,3,1,0.333,4040834,937183,1,1,2,2,2,1,0,0,0.0,0,0.0,true
106,14,0,12,6,0.429,2394633,1771373,1,12,1,1,1,7,1,0,0,6,0.5,true
53,4,4,4,1,0.25,2520169,573145,1,4,1,2,2,7,1,0,0.0,1,0.25,true
81,14,2,9,0,0.0,1168959,1314974,1,13,1,1,2,2,5,0,0.0,0,0.0,false
4,1,0,1,0,0.0,224170,322675,1,1,1,1,1,1,0,0,0,0,0.0,false
127,31,3,7,16,0.516,768717,2479715,1,29,2,1,1,1,2,1,0.333,6,0.857,true
60,13,7,10,0,0.0,4807707,568863,1,3,1,2,5,2,0,0,0.0,0,0.0,true
173,5,0,4,5,1.0,4977438,2093876,1,3,1,1,1,6,5,0,0,4,1.0,true
102,54,1,3,8,0.148,38286706,30462982,1,45,1,1,1,6,3,0,0.0,0,0.0,false
187,26,1,13,26,1.0,3331516,2670072,1,21,2,1,3,4,7,1,1.0,13,1.0,true
5,7,0,7,2,0.286,7488464,1242591,1,7,1,1,8,12,1,0,0,1,0.143,true
298,14,3,5,9,0.643,4414132,1512548,1,13,2,1,1,1,4,1,0.333,5,1.0,true
426,13,1,2,0,0.0,540562,673301,1,5,1,1,2,5,4,0,0.0,0,0.0,false
339,20,0,1,17,0.85,1604099,202277,1,2,2,2,3,7,6,0,0,1,1.0,true
773,37,1,3,2,0.054,720033,416941,1,18,1,1,2,4,2,0,0.0,1,0.333,false
355,40,1,4,5,0.125,598367,781559,1,16,1,1,1,2,4,0,0.0,0,0.0,false
190,8,1,7,0,0.0,1068261,1234067,1,8,1,1,4,3,5,0,0.0,0,0.0,false
169,20,1,15,16,0.8,832662,2454484,1,16,2,1,4,9,8,0,0.0,14,0.933,true
5,2,2,2,1,0.5,11027930,2607900,1,1,1,1,4,24,1,0,0.0,0,0.0,true
69,43,1,8,2,0.047,296349,408823,1,43,1,1,4,1,1,0,0.0,2,0.25,false
6,4,0,2,1,0.25,2208498,990563,1,4,1,1,2,8,2,0,0,1,0.5,true
6,7,2,5,0,0.0,37195114,4564894,1,7,1,1,4,6,2,0,0.0,0,0.0,true
315,14,2,2,3,0.214,2965591,741968,1,10,7,3,1,7,0,0,0.0,0,0.0,true
48,8,0,5,4,0.5,4675690,1543985,1,7,1,2,1,3,4,0,0,2,0.4,true
1,7,0,4,1,0.143,10371927,2949200,1,7,1,1,8,20,1,0,0,1,0.25,true
360,23,1,2,15,0.652,4120855,1588924,1,19,2,2,4,3,2,1,1.0,1,0.5,true
275,29,1,1,3,0.103,1653695,342175,1,29,1,1,3,3,1,0,0.0,0,0.0,false
1,3,1,2,0,0.0,305230,295780,1,3,1,1,1,2,0,0,0.0,0,0.0,false
7,2,1,1,0,0.0,338421,157077,1,2,1,1,1,1,0,0,0.0,0,0.0,false
319,29,0,0,3,0.103,134062,898880,1,11,1,1,2,2,1,0,0,0,0,false
123,27,0,11,0,0.0,773042,807325,1,14,1,1,4,5,4,0,0,0,0.0,false
583,59,1,5,7,0.119,25605267,22301991,1,31,1,1,4,4,2,0,0.0,0,0.0,false
320,40,2,3,4,0.1,404688,1187299,1,40,1,1,2,6,3,0,0.0,2,0.667,false
227,18,0,8,3,0.167,1644081,476641,1,18,1,1,3,2,3,0,0,1,0.125,false
5,7,1,1,2,0.286,12198877,2860756,1,1,1,1,4,28,0,1,1.0,1,1.0,true
6,3,0,2,0,0.0,397543,333777,1,3,1,1,1,2,0,0,0,0,0.0,false
7,2,0,2,0,0.0,504723,273411,1,2,1,1,1,1,0,0,0,0,0.0,false
196,28,2,4,17,0.607,2867171,2001622,1,21,1,1,2,7,5,2,1.0,4,1.0,true
2,2,0,2,0,0.0,47533382,3440022,1,2,1,1,4,7,0,0,0,0,0.0,true
612,31,0,0,2,0.065,209231,883920,1,17,1,1,3,1,1,0,0,0,0,false
338,17,2,10,15,0.882,417869,2104535,1,17,2,1,1,1,1,1,0.5,2,0.2,true
252,4,2,4,3,0.75,442484,1909152,1,2,1,2,1,2,5,0,0.0,2,0.5,true
169,7,3,7,6,0.857,780360,2825446,1,7,2,1,3,3,5,2,0.667,6,0.857,true
241,17,0,4,0,0.0,1416904,1186238,1,12,1,1,3,5,4,0,0,0,0.0,false
508,16,1,7,3,0.188,1003872,209791,1,16,1,1,1,5,2,0,0.0,1,0.143,false
9,17,5,6,5,0.294,4921787,445106,1,10,1,2,5,4,3,3,0.6,3,0.5,true
485,10,2,8,1,0.1,535363,1181591,1,10,1,1,1,3,5,0,0.0,0,0.0,false
365,49,1,1,4,0.082,73262903,46143373,1,34,1,1,3,3,4,0,0.0,0,0.0,false
89,36,1,2,1,0.028,915492,854914,1,33,1,1,3,4,2,0,0.0,1,0.5,false
87,15,2,4,13,0.867,4680265,493329,1,5,1,2,1,7,2,0,0.0,3,0.75,true
6,6,1,3,2,0.333,48166709,2840817,1,6,1,1,1,7,0,0,0.0,2,0.667,true
236,12,0,7,2,0.167,1237492,763162,1,12,1,1,3,3,3,0,0,1,0.143,false
48,22,2,6,8,0.364,3343550,1598873,1,14,1,1,3,1,2,2,1.0,6,1.0,true
106,41,1,6,6,0.146,1417964,400439,1,41,1,1,2,6,4,0,0.0,2,0.333,false
9,7,3,6,1,0.143,4007243,1453360,1,5,2,1,3,1,5,1,0.333,1,0.167,true
17,10,3,9,4,0.4,2315007,448245,1,10,1,1,4,5,3,3,1.0,4,0.444,true
6,8,2,6,1,0.125,9203186,4092009,1,8,1,1,4,7,1,1,0.5,1,0.167,true
1,2,1,2,0,0.0,17983332,2146437,1,2,1,1,1,1,1,0,0.0,0,0.0,true
482,32,2,8,0,0.0,354579,270071,1,32,1,1,3,1,3,0,0.0,0,0.0,false
96,15,0,3,3,0.2,1717422,412421,1,15,1,1,3,6,2,0,0,2,0.667,false
155,16,1,1,3,0.188,723611,506694,1,16,1,1,3,2,4,0,0.0,0,0.0,false
5,3,1,2,0,0.0,491612,695519,1,3,1,1,1,1,0,0,0.0,0,0.0,false
5,1,0,1,0,0.0,247914,427067,1,1,1,1,1,3,0,0,0,0,0.0,false
78,15,3,7,9,0.6,5345457,1388635,1,9,1,2,3,9,2,3,1.0,6,0.857,true
31,7,1,7,7,1.0,2136320,1845387,1,7,1,2,4,6,7,1,1.0,7,1.0,true
143,41,0,1,7,0.171,1085656,477191,1,41,1,1,4,1,2,0,0,1,1.0,false
130,33,0,8,1,0.03,1787857,1069207,1,33,1,1,1,6,5,0,0,1,0.125,false
280,45,2,10,5,0.111,995977,1388459,1,27,1,1,3,3,4,0,0.0,0,0.0,false
6,8,2,4,1,0.125,9917230,636062,1,8,1,1,9,29,4,0,0.0,0,0.0,true
176,58,0,0,1,0.017,62324272,25761513,1,36,1,1,2,5,4,0,0,0,0,false
7,5,1,3,2,0.4,12594007,2616497,1,5,1,1,1,4,4,0,0.0,1,0.333,true
358,28,2,3,27,0.964,923030,2225386,1,5,1,1,2,5,4,1,0.5,1,0.333,true
778,34,1,4,4,0.118,339943,600936,1,24,1,1,2,2,4,0,0.0,0,0.0,false
500,7,2,4,5,0.714,4504911,2419378,1,1,1,2,4,1,6,0,0.0,4,1.0,true
190,32,1,8,5,0.156,437096,477896,1,32,1,1,1,2,1,0,0.0,2,0.25,false
189,11,2,3,0,0.0,357003,1231060,1,11,1,1,3,2,3,1,0.5,1,0.333,false
559,13,2,4,0,0.0,1202415,201433,1,13,1,1,3,5,2,0,0.0,0,0.0,false
5,2,0,1,0,0.0,492151,634531,1,2,1,1,1,1,0,0,0,0,0.0,false
450,18,2,2,9,0.5,574823,1951437,1,16,2,2,3,7,4,0,0.0,2,1.0,true
145,6,0,6,6,1.0,4710869,1424273,1,6,1,1,4,4,5,0,0,2,0.333,true
5,6,2,5,0,0.0,8731731,2426630,1,2,1,1,8,15,0,0,0.0,0,0.0,true
544,29,0,3,1,0.034,899499,959665,1,29,1,1,1,4,1,0,0,1,0.333,false
1,1,1,1,0,0.0,7785145,1074969,1,1,1,1,7,21,0,0,0.0,0,0.0,true
42,16,2,6,12,0.75,318276,823453,1,16,1,2,2,7,8,1,0.5,5,0.833,true
616,12,0,5,1,0.083,21052218,11439527,1,7,1,1,5,1,1,0,0,1,0.2,false
1,1,0,1,0,0.0,340289,452253,1,1,1,1,1,1,0,0,0,0,0.0,false
261,43,2,7,0,0.0,1198794,826738,1,43,1,1,1,4,1,1,0.5,1,0.143,false
165,12,1,12,12,1.0,5698925,366125,1,12,2,1,2,6,6,1,1.0,11,0.917,true
239,25,0,0,0,0.0,370922,947352,1,25,1,1,3,2,3,0,0,0,0,false
500,30,2,8,2,0.067,2344428,1366694,1,19,1,1,1,1,4,0,0.0,0,0.0,false
284,45,1,6,8,0.178,1770685,389565,1,45,1,1,3,1,4,0,0.0,0,0.0,false
42,18,3,5,6,0.333,1191287,1126063,1,9,1,1,1,2,4,1,0.333,5,1.0,true
335,15,0,9,13,0.867,942642,894638,1,12,1,2,1,6,5,0,0,8,0.889,true
295,12,2,10,0,0.0,766590,833007,1,6,1,1,3,2,2,0,0.0,0,0.0,false
52,6,5,6,2,0.333,2279192,1086820,1,2,1,1,2,4,2,2,0.4,2,0.333,true
4,6,2,6,1,0.167,13859630,4467009,1,6,1,1,5,5,0,1,0.5,1,0.167,true
195,44,1,9,3,0.068,2091152,252244,1,27,1,1,4,5,2,0,0.0,0,0.0,false
155,8,0,7,2,0.25,3852405,589442,1,6,6,8,2,7,1,0,0,0,0.0,true
4,4,2,3,2,0.5,11814427,381679,1,4,1,1,2,3,1,0,0.0,1,0.333,true
220,31,2,11,8,0.258,1933518,1332124,1,14,1,1,3,6,1,2,1.0,7,0.636,true
326,36,0,3,4,0.111,1035902,599986,1,31,1,1,2,4,2,0,0,1,0.333,false
315,25,2,12,1,0.04,1941410,1764702,1,13,1,1,3,6,4,0,0.0,0,0.0,false
250,37,0,1,4,0.108,243699,292524,1,33,1,1,1,4,1,0,0,0,0.0,false
654,47,0,4,6,0.128,44979330,41471608,1,40,1,1,4,3,3,0,0,0,0.0,false
6,6,2,5,2,0.333,1733225,789163,1,1,1,1,8,21,3,1,0.5,1,0.2,true
408,40,1,8,1,0.025,2456558,644334,1,26,1,1,3,5,4,0,0.0,0,0.0,false
7,4,2,3,2,0.5,5975578,1064631,1,3,1,1,5,13,0,0,0.0,0,0.0,true
3,2,1,1,0,0.0,282177,198118,1,2,1,1,1,2,0,0,0.0,0,0.0,false
1,1,0,1,1,1.0,49861847,2470535,1,1,1,1,2,4,3,0,0,1,1.0,true
52,18,0,0,11,0.611,4149362,2506150,1,13,8,4,4,7,3,0,0,0,0,true
501,24,1,5,4,0.167,312568,1423844,1,24,1,1,1,4,2,0,0.0,0,0.0,false
80,2,2,2,2,1.0,3054579,470499,1,2,1,1,3,6,6,2,1.0,2,1.0,true
587,28,0,0,4,0.143,70484679,27034932,1,23,1,1,3,3,5,0,0,0,0,false
5,3,0,3,0,0.0,499029,427704,1,3,1,1,1,2,0,0,0,0,0.0,false
286,21,3,7,16,0.762,2464716,2599415,1,15,2,1,4,3,5,3,1.0,4,0.571,true
63,11,6,8,7,0.636,2018111,1135660,1,7,1,1,5,5,6,6,1.0,6,0.75,true
25,15,6,10,13,0.867,487894,782669,1,7,1,1,2,5,2,6,1.0,7,0.7,true
7,1,1,1,0,0.0,451658,360310,1,1,1,1,1,2,0,0,0.0,0,0.0,false
350,26,0,2,0,0.0,628473,465355,1,18,1,1,1,5,2,0,0,0,0.0,false
1,2,1,2,0,0.0,572296,415788,1,2,1,1,1,1,0,0,0.0,0,0.0,false
7,4,2,4,3,0.75,3487150,1016245,1,3,1,1,2,6,4,1,0.5,2,0.5,true
111,8,1,2,4,0.5,4838490,1243139,1,1,3,3,5,2,4,1,1.0,1,0.5,true
393,20,2,8,15,0.75,4339088,1257064,1,14,5,8,3,3,0,0,0.0,3,0.375,true
6,2,0,2,0,0.0,666716,334533,1,2,1,1,1,3,0,0,0,0,0.0,false
285,28,1,5,24,0.857,3399339,588187,1,13,2,1,2,7,4,0,0.0,1,0.2,true
6,1,0,1,0,0.0,113223,178042,1,1,1,1,1,2,0,0,0,0,0.0,false
263,5,2,5,4,0.8,860727,1616721,1,3,6,6,1,3,5,0,0.0,0,0.0,true
892,60,1,4,9,0.15,52662313,40258666,1,37,1,1,2,2,5,0,0.0,0,0.0,false
631,13,1,3,0,0.0,866732,452550,1,7,1,1,3,5,4,0,0.0,0,0.0,false
6,1,1,1,0,0.0,228225,615638,1,1,1,1,1,2,0,0,0.0,0,0.0,false
791,28,0,0,1,0.036,1463066,853154,1,13,1,1,1,1,3,0,0,0,0,false
363,38,0,2,4,0.105,577066,906822,1,17,1,1,2,1,2,0,0,0,0.0,false
131,14,1,4,9,0.643,4906951,2469189,1,11,8,4,1,3,0,1,1.0,4,1.0,true
42,11,4,4,2,0.182,654270,1715137,1,8,1,1,1,6,4,1,0.25,1,0.25,true
235,10,1,1,9,0.9,4122101,2014060,1,7,2,2,3,3,4,1,1.0,1,1.0,true
314,8,1,1,0,0.0,348410,1022780,1,6,1,1,3,5,2,0,0.0,0,0.0,false
2,2,1,1,0,0.0,5454697,4734361,1,2,1,1,3,1,1,0,0.0,0,0.0,true
536,32,1,4,1,0.031,1013465,712866,1,20,1,1,1,1,3,0,0.0,1,0.25,false
3,2,1,1,0,0.0,385605,594858,1,2,1,1,1,3,0,0,0.0,0,0.0,false
184,16,2,5,10,0.625,2769226,882604,1,15,7,4,1,8,4,0,0.0,0,0.0,true
736,38,0,5,1,0.026,68381674,40128792,1,36,1,1,3,6,4,0,0,1,0.2,false
380,26,1,3,3,0.115,994988,805409,1,16,1,1,2,2,4,0,0.0,0,0.0,false
148,49,2,9,3,0.061,309406,953425,1,26,1,1,4,2,5,0,0.0,0,0.0,false
718,15,0,0,2,0.133,79928180,24224624,1,7,1,1,2,8,4,0,0,0,0,false
790,12,0,0,0,0.0,1033465,334110,1,9,1,1,3,3,1,0,0,0,0,false
170,12,1,4,8,0.667,1335307,888864,1,9,8,6,1,6,3,0,0.0,3,0.75,true
398,26,1,5,22,0.846,4423199,268235,1,4,2,1,2,7,4,0,0.0,3,0.6,true
548,7,0,2,1,0.143,1353420,879317,1,7,1,1,3,3,4,0,0,0,0.0,false
4,5,2,3,2,0.4,17004602,2794009,1,2,1,1,8,30,1,2,1.0,2,0.667,true
159,50,0,13,1,0.02,2218423,1539073,1,34,1,1,2,3,1,0,0,0,0.0,false
5,2,0,2,0,0.0,586384,445219,1,2,1,1,1,2,0,0,0,0,0.0,false
10,18,6,8,2,0.111,4522681,663708,1,7,1,2,4,2,0,0,0.0,0,0.0,true
58,5,3,4,0,0.0,1799982,804761,1,1,1,1,3,2,5,0,0.0,0,0.0,true
5,8,0,8,0,0.0,9121555,2143427,1,8,1,1,3,3,0,0,0,0,0.0,true
23,28,0,7,26,0.929,4708318,1602965,1,13,1,2,2,1,5,0,0,3,0.429,true
22,31,1,8,3,0.097,1823479,395332,1,31,1,1,4,6,3,0,0.0,2,0.25,false
318,35,0,2,3,0.086,1101870,389258,1,13,1,1,2,4,1,0,0,0,0.0,false
3,3,1,3,2,0.667,34670259,2618099,1,3,1,1,1,5,0,0,0.0,2,0.667,true
623,26,1,3,3,0.115,176959,1103839,1,10,1,1,2,3,3,0,0.0,1,0.333,false
291,27,1,8,3,0.111,391127,1341114,1,27,1,1,4,2,3,0,0.0,2,0.25,false
13,9,1,8,1,0.111,3267606,2154863,1,6,8,6,2,4,3,0,0.0,1,0.125,true
217,17,1,5,14,0.824,2289894,953205,1,14,2,2,2,6,5,0,0.0,5,1.0,true
7,3,0,1,0,0.0,642968,276041,1,3,1,1,1,2,0,0,0,0,0.0,false
3,3,3,3,0,0.0,4607375,1443980,1,1,2,1,3,1,0,0,0.0,0,0.0,true
1,2,0,1,2,1.0,39138563,2112203,1,2,1,1,1,5,2,0,0,1,1.0,true
178,13,0,0,0,0.0,303826,642411,1,12,1,1,1,4,4,0,0,0,0,false
427,28,0,7,25,0.893,256416,1721765,1,1,1,2,1,5,1,0,0,4,0.571,true
86,15,2,10,6,0.4,2626360,1492920,1,3,1,1,3,6,1,2,1.0,5,0.5,true
141,15,0,0,0,0.0,1074422,573813,1,3,2,1,4,5,3,0,0,0,0,false
55,19,1,5,2,0.105,1487874,1498507,1,19,1,1,2,6,3,0,0.0,0,0.0,false
109,22,0,1,1,0.045,1750565,1404160,1,16,1,2,3,5,1,0,0,0,0.0,false
220,28,1,12,13,0.464,1780048,2741124,1,19,2,2,5,8,4,0,0.0,8,0.667,true
419,13,1,5,8,0.615,3323500,918735,1,9,2,1,1,2,2,1,1.0,2,0.4,true
139,21,0,3,0,0.0,883398,1366330,1,21,1,2,4,4,4,0,0,0,0.0,false
49,8,5,5,0,0.0,3782566,552428,1,6,1,2,2,1,1,0,0.0,0,0.0,true
464,44,0,0,1,0.023,65325058,22435355,1,26,1,1,3,1,1,0,0,0,0,false
24,7,5,5,1,0.143,2717146,1814282,1,7,1,1,3,5,3,0,0.0,1,0.2,true
42,1,0,0,0,0.0,1748483,1190625,1,1,6,3,2,3,5,0,0,0,0,true
546,17,0,0,0,0.0,1381934,302731,1,12,1,1,2,5,2,0,0,0,0,false
10,10,4,6,3,0.3,342593,1076131,1,1,1,2,5,1,3,1,0.25,3,0.5,true
354,12,1,2,1,0.083,1359151,805252,1,9,1,1,1,5,2,0,0.0,0,0.0,false
484,29,0,1,27,0.931,1818924,2064693,1,1,1,1,3,6,6,0,0,1,1.0,true
2,2,1,1,1,0.5,9411113,974380,1,2,1,1,8,24,5,0,0.0,0,0.0,true
77,5,4,4,4,0.8,1357316,1310573,1,5,1,1,4,7,2,4,1.0,4,1.0,true
5,3,0,3,0,0.0,254971,593426,1,3,1,1,1,2,0,0,0,0,0.0,false
872,15,1,5,2,0.133,15672460,37366073,1,12,1,1,5,6,4,0,0.0,0,0.0,false
730,28,0,3,4,0.143,307663,1176235,1,28,1,1,2,3,1,0,0,1,0.333,false
145,55,0,0,5,0.091,33889703,21905259,1,44,1,1,1,4,3,0,0,0,0,false
7,2,0,1,2,1.0,3452277,2007521,1,2,1,1,10,24,5,0,0,1,1.0,true
61,4,2,3,4,1.0,2446076,1644582,1,2,1,1,4,6,7,2,1.0,3,1.0,true
157,21,3,8,9,0.429,4499729,2436408,1,18,2,2,4,2,2,2,0.667,7,0.875,true
91,15,2,3,10,0.667,4098487,1537588,1,11,3,5,4,3,3,0,0.0,3,1.0,true
570,43,1,1,6,0.14,11116303,38012974,1,36,1,1,3,1,4,0,0.0,1,1.0,false
136,7,1,4,2,0.286,975208,2254729,1,3,7,5,3,8,5,1,1.0,2,0.5,true
1,1,0,1,0,0.0,180992,629857,1,1,1,1,1,1,0,0,0,0,0.0,false
400,14,1,4,1,0.071,1257454,941066,1,11,1,1,2,2,2,0,0.0,1,0.25,false
80,9,3,5,6,0.667,3790125,1103665,1,1,1,1,4,4,4,3,1.0,4,0.8,true
312,39,1,2,2,0.051,685118,775998,1,20,1,1,2,3,2,0,0.0,0,0.0,false
394,18,0,3,18,1.0,3974281,2083555,1,5,2,1,4,4,2,0,0,3,1.0,true
959,10,1,3,0,0.0,79391501,40834964,1,10,1,1,3,8,3,0,0.0,0,0.0,false
379,12,0,1,2,0.167,1715049,646809,1,12,1,1,2,4,5,0,0,1,1.0,false
5,7,0,1,2,0.286,47980529,3199422,1,7,1,1,4,6,3,0,0,1,1.0,true
540,25,1,1,2,0.08,1027377,785060,1,16,1,1,3,1,3,0,0.0,0,0.0,false
331,34,2,9,0,0.0,1266061,1379296,1,34,1,1,2,6,4,0,0.0,0,0.0,false
62,9,1,3,1,0.111,693156,776116,1,9,1,1,3,5,4,0,0.0,1,0.333,false
16,13,0,9,13,1.0,1677044,1298020,1,2,1,1,4,6,1,0,0,3,0.333,true
7,5,1,4,2,0.4,8102199,2646245,1,3,1,1,5,28,0,0,0.0,0,0.0,true
387,11,0,6,11,1.0,4917832,2249869,1,9,6,5,2,6,3,0,0,2,0.333,true
12,13,6,9,3,0.231,4969657,1582885,1,13,2,1,4,7,1,0,0.0,0,0.0,true
576,8,0,0,1,0.125,1455026,511882,1,2,1,1,1,4,4,0,0,0,0,false
490,28,1,4,0,0.0,1128027,371331,1,22,1,1,2,4,2,0,0.0,0,0.0,false
31,14,6,9,4,0.286,4761938,1622515,1,14,2,2,5,6,5,4,0.667,4,0.444,true
442,37,0,2,0,0.0,438792,151199,1,31,1,1,2,4,1,0,0,0,0.0,false
451,9,1,2,8,0.889,2412023,2292233,1,7,2,2,4,7,2,1,1.0,2,1.0,true
3,2,0,2,0,0.0,416241,290608,1,2,1,1,1,2,0,0,0,0,0.0,false
312,17,0,2,1,0.059,1323304,921145,1,17,1,1,4,3,4,0,0,0,0.0,false
81,25,1,9,17,0.68,2953822,2018764,1,21,1,1,1,5,2,1,1.0,6,0.667,true
23,6,6,6,2,0.333,2542760,1256054,1,6,2,2,1,2,2,0,0.0,1,0.167,true
1,6,6,6,0,0.0,360599,576256,1,1,2,2,4,3,1,0,0.0,0,0.0,true
40,8,0,8,4,0.5,3437114,1390417,1,4,1,2,1,4,1,0,0,2,0.25,true
350,5,0,1,4,0.8,2961876,1248675,1,3,2,1,2,7,6,0,0,1,1.0,true
432,39,0,1,7,0.179,501680,1496552,1,39,1,1,4,1,4,0,0,1,1.0,false
71,20,0,4,0,0.0,955761,617563,1,20,1,1,3,3,4,0,0,0,0.0,false
5,4,1,2,2,0.5,3626923,1007035,1,4,1,1,2,1,1,0,0.0,0,0.0,true
4,7,0,7,2,0.286,12162503,4264340,1,7,1,1,2,8,2,0,0,0,0.0,true
3,1,1,1,1,1.0,21111997,1589090,1,1,1,1,1,5,2,0,0.0,1,1.0,true
57,29,0,6,9,0.31,4849730,1619310,1,28,1,1,2,8,8,0,0,5,0.833,true
354,36,1,3,2,0.056,355588,946276,1,24,1,1,2,2,3,0,0.0,1,0.333,false
331,22,2,2,22,1.0,4468945,1274941,1,12,2,2,4,2,2,0,0.0,1,0.5,true
5,3,1,2,0,0.0,635736,220606,1,3,1,1,1,2,0,0,0.0,0,0.0,false
50,19,1,8,12,0.632,4460423,961322,1,15,1,1,2,8,3,1,1.0,7,0.875,true
4,3,0,1,2,0.667,6513827,4316215,1,3,1,1,5,4,1,0,0,0,0.0,true
5,6,1,4,1,0.167,17875980,2045926,1,3,1,1,4,12,1,0,0.0,0,0.0,true
86,7,1,3,5,0.714,2803100,1051329,1,5,2,2,2,1,2,1,1.0,3,1.0,true
263,5,0,5,3,0.6,2186891,296581,1,5,2,1,5,3,7,0,0,3,0.6,true
155,23,0,3,1,0.043,73509922,41804765,1,11,1,1,1,7,5,0,0,0,0.0,false
6,2,1,1,0,0.0,403139,102827,1,2,1,1,1,2,0,0,0.0,0,0.0,false
50,4,2,4,3,0.75,3286337,913547,1,1,1,2,4,7,6,0,0.0,2,0.5,true
575,58,1,3,7,0.121,30981381,40800415,1,36,1,1,2,7,5,0,0.0,0,0.0,false
164,7,0,7,7,1.0,1081909,1494382,1,7,2,2,4,9,4,0,0,4,0.571,true
69,35,0,12,5,0.143,1561857,1211945,1,22,1,1,4,7,5,0,0,0,0.0,false
213,22,2,8,3,0.136,765107,725748,1,11,1,1,4,6,4,0,0.0,0,0.0,false
454,12,1,1,0,0.0,900313,1131571,1,12,1,1,2,5,1,0,0.0,0,0.0,false
10,6,2,2,4,0.667,1306151,890652,1,6,1,1,5,7,5,2,1.0,2,1.0,true
423,22,0,2,3,0.136,539368,709893,1,9,1,1,3,2,2,0,0,1,0.5,false
121,7,2,5,7,1.0,2160385,1610032,1,6,2,1,5,7,1,2,1.0,4,0.8,true
423,34,0,14,0,0.0,1244223,1006979,1,31,1,1,2,6,1,0,0,0,0.0,false
308,36,0,4,1,0.028,1091896,1003666,1,18,1,1,1,1,4,0,0,1,0.25,false
1,6,1,2,2,0.333,12624308,3201004,1,6,1,1,5,4,2,1,1.0,1,0.5,true
671,26,1,3,0,0.0,1095287,706857,1,26,1,1,3,2,1,0,0.0,0,0.0,false
731,29,0,3,3,0.103,111628,373529,1,22,1,1,1,2,4,0,0,0,0.0,false
116,33,2,8,6,0.182,1168974,413715,1,33,1,1,2,1,1,0,0.0,2,0.25,false
43,12,8,11,3,0.25,4945476,1637333,1,9,2,2,5,3,4,0,0.0,3,0.273,true
545,17,1,4,0,0.0,302656,826714,1,17,1,1,3,2,1,0,0.0,0,0.0,false
740,5,1,1,0,0.0,279545,906240,1,1,1,1,3,5,1,0,0.0,0,0.0,false
391,58,0,5,8,0.138,70238919,16906850,1,50,1,1,1,3,2,0,0,0,0.0,false
1,1,0,1,0,0.0,40603065,2432864,1,1,1,1,2,2,4,0,0,0,0.0,true
6,1,0,1,0,0.0,582184,334377,1,1,1,1,1,3,0,0,0,0,0.0,false
59,36,1,14,5,0.139,1314911,1309437,1,19,1,1,1,7,3,0,0.0,0,0.0,false
484,10,1,3,0,0.0,211687,981424,1,8,1,1,1,4,1,0,0.0,0,0.0,false
6,5,1,3,2,0.4,12488199,2377149,1,3,1,1,4,21,3,0,0.0,1,0.333,true
456,14,0,4,2,0.143,77489633,12122635,1,11,1,1,3,2,3,0,0,0,0.0,false
2,3,2,3,0,0.0,2349988,2754908,1,2,1,1,7,12,5,0,0.0,0,0.0,true
262,12,1,1,2,0.167,811688,747337,1,12,1,1,3,4,3,0,0.0,0,0.0,false
739,39,0,2,5,0.128,317236,431628,1,21,1,1,1,1,2,0,0,1,0.5,false
7,15,6,10,2,0.133,1325004,725734,1,8,2,1,2,1,0,0,0.0,1,0.1,true
570,25,1,1,1,0.04,747056,1193061,1,8,1,1,1,4,4,0,0.0,1,1.0,false
1,2,0,1,0,0.0,403241,546339,1,2,1,1,1,2,0,0,0,0,0.0,false
16,12,6,9,10,0.833,2508143,376300,1,6,1,1,4,4,3,6,1.0,8,0.889,true
5,8,0,4,0,0.0,10122482,4560587,1,8,1,1,1,4,1,0,0,0,0.0,true
21,3,3,3,1,0.333,1119782,1895183,1,2,1,1,3,8,4,1,0.333,1,0.333,true
118,14,2,2,10,0.714,2165098,2271183,1,6,1,2,4,6,6,2,1.0,2,1.0,true
7,5,0,1,2,0.4,27120331,447123,1,5,1,1,2,6,0,0,0,0,0.0,true
579,13,0,0,0,0.0,1231981,229162,1,9,1,1,3,2,4,0,0,0,0,false
51,2,2,2,2,1.0,325577,440438,1,1,1,1,3,7,3,2,1.0,2,1.0,true
135,21,1,3,0,0.0,1026374,874703,1,16,1,1,2,4,3,0,0.0,0,0.0,false
267,49,2,8,2,0.041,2094559,389668,1,47,1,1,1,2,5,0,0.0,0,0.0,false
3,8,2,8,1,0.125,8478235,2036522,1,8,1,1,1,5,3,1,0.5,1,0.125,true
2,8,1,8,0,0.0,27775404,3723686,1,8,1,1,1,1,4,0,0.0,0,0.0,true
430,20,1,4,2,0.1,559948,440102,1,14,1,1,2,1,1,0,0.0,1,0.25,false
7,3,1,1,0,0.0,483951,92940,1,3,1,1,1,2,0,0,0.0,0,0.0,false
238,22,2,2,3,0.136,1199936,363449,1,22,1,1,2,5,2,0,0.0,0,0.0,false
47,23,2,5,14,0.609,4397931,1053360,1,5,2,1,2,5,4,1,0.5,4,0.8,true
15,6,4,4,2,0.333,2878895,462865,1,2,1,1,4,2,0,0,0.0,2,0.5,true
6,8,0,1,2,0.25,2101945,1871393,1,2,1,1,8,26,0,0,0,0,0.0,true
467,28,0,0,3,0.107,759314,734454,1,16,1,1,1,1,2,0,0,0,0,false
40,5,3,5,1,0.2,1808249,1152934,1,5,2,2,4,6,1,1,0.333,1,0.2,true
4,3,2,3,2,0.667,34243558,2632999,1,3,1,1,3,2,4,0,0.0,2,0.667,true
238,5,1,1,0,0.0,656516,259888,1,2,1,1,3,4,1,0,0.0,0,0.0,false
109,39,1,9,6,0.154,786732,1003241,1,39,1,1,2,4,2,0,0.0,0,0.0,false
2,1,1,1,0,0.0,4359310,262656,1,1,1,1,6,12,3,0,0.0,0,0.0,true
155,15,0,4,1,0.067,571231,387945,1,12,1,1,1,2,4,0,0,1,0.25,false
7,2,0,1,0,0.0,520781,472650,1,2,1,1,1,2,0,0,0,0,0.0,false
278,57,1,3,8,0.14,13100576,13391286,1,51,1,1,2,5,1,0,0.0,0,0.0,false
86,12,0,1,0,0.0,856854,923662,1,11,1,1,3,2,1,0,0,0,0.0,false
315,10,1,6,1,0.1,3317473,2564792,1,3,4,5,5,4,4,1,1.0,1,0.167,true
366,27,0,5,22,0.815,622970,2036378,1,26,2,1,1,7,5,0,0,5,1.0,true
239,13,1,2,0,0.0,521097,427159,1,12,1,1,2,5,3,0,0.0,0,0.0,false
650,27,0,3,2,0.074,498624,684191,1,10,1,1,3,4,1,0,0,1,0.333,false
1,2,0,2,0,0.0,203967,568002,1,2,1,1,1,2,0,0,0,0,0.0,false
110,26,1,2,2,0.077,65265613,13136110,1,18,1,1,5,4,5,0,0.0,1,0.5,false
1,5,2,2,2,0.4,14769917,788474,1,2,1,1,10,15,1,0,0.0,2,1.0,true
239,19,1,12,1,0.053,1550666,431660,1,10,1,1,1,1,2,0,0.0,0,0.0,false
2,1,0,1,0,0.0,482594,668861,1,1,1,1,1,3,0,0,0,0,0.0,false
251,6,0,6,3,0.5,1417641,1214099,1,4,1,1,3,7,4,0,0,1,0.167,true
6,12,6,6,0,0.0,4155734,1794785,1,5,1,1,5,1,3,0,0.0,0,0.0,true
6,8,1,7,1,0.125,41564576,4472938,1,8,1,1,1,3,0,0,0.0,0,0.0,true
51,8,6,8,2,0.25,584220,774696,1,2,2,2,4,6,5,2,0.333,2,0.25,true
85,7,3,7,6,0.857,1309389,844657,1,7,1,1,4,4,1,3,1.0,5,0.714,true
1,2,0,2,0,0.0,672862,112359,1,2,1,1,1,1,0,0,0,0,0.0,false
168,14,0,8,11,0.786,5168611,427009,1,14,2,2,2,3,8,0,0,8,1.0,true
1,2,1,2,0,0.0,669849,312022,1,2,1,1,1,3,0,0,0.0,0,0.0,false
894,60,0,0,2,0.033,55424358,41948544,1,49,1,1,1,3,4,0,0,0,0,false
5,7,0,7,1,0.143,6079486,961747,1,3,1,1,4,15,0,0,0,0,0.0,true
319,42,0,9,4,0.095,806775,1401113,1,42,1,1,3,5,1,0,0,1,0.111,false
336,11,0,2,0,0.0,1395956,838687,1,7,2,1,1,5,4,0,0,0,0.0,false
24,31,2,6,0,0.0,1514257,721819,1,31,1,1,2,6,3,0,0.0,0,0.0,false
169,34,1,1,2,0.059,597456,949778,1,29,1,1,2,5,3,0,0.0,1,1.0,false
2,1,1,1,1,1.0,27456202,1747084,1,1,1,1,4,1,2,0,0.0,0,0.0,true
267,7,0,1,4,0.571,3200971,1505218,1,5,1,1,4,3,5,0,0,1,1.0,true
7,2,0,1,0,0.0,409761,96418,1,2,1,1,1,1,0,0,0,0,0.0,false
57,22,2,14,2,0.091,2150187,1573126,1,11,1,1,1,4,3,0,0.0,0,0.0,false
2,3,2,3,1,0.333,28999070,4871957,1,3,1,1,2,5,0,1,0.5,1,0.333,true
46,7,5,5,1,0.143,4997874,1921244,1,3,1,2,1,4,3,0,0.0,0,0.0,true
2,4,0,1,2,0.5,8636527,1223161,1,4,1,1,10,13,4,0,0,1,1.0,true
217,14,2,6,10,0.714,2371723,1541509,1,6,1,1,1,1,6,1,0.5,5,0.833,true
2,2,0,2,0,0.0,425888,321192,1,2,1,1,1,2,0,0,0,0,0.0,false
2,2,0,2,1,0.5,10338720,2752826,1,1,1,1,6,21,3,0,0,0,0.0,true
359,12,0,8,0,0.0,456959,289540,1,12,1,1,4,1,2,0,0,0,0.0,false
70,30,3,15,20,0.667,1220505,652479,1,15,1,1,3,9,1,3,1.0,10,0.667,true
377,27,0,3,2,0.074,1272144,939953,1,19,1,1,1,5,1,0,0,0,0.0,false
300,23,1,5,1,0.043,68416623,48389984,1,12,1,1,2,1,4,0,0.0,0,0.0,false
640,18,0,1,1,0.056,1443099,1134986,1,12,2,2,2,5,1,0,0,0,0.0,false
352,39,0,2,3,0.077,848629,250252,1,33,1,1,2,3,1,0,0,0,0.0,false
425,10,0,8,5,0.5,2998342,2379675,1,4,1,2,1,6,4,0,0,3,0.375,true
5,2,1,2,0,0.0,179994,633815,1,2,1,1,1,1,0,0,0.0,0,0.0,false
270,13,0,5,5,0.385,360917,1775656,1,13,2,2,4,6,7,0,0,5,1.0,true
1,2,1,1,0,0.0,355097,593261,1,2,1,1,1,3,0,0,0.0,0,0.0,false
2,3,2,2,1,0.333,9819964,2179634,1,2,1,1,8,14,2,1,0.5,1,0.5,true
56,8,7,7,0,0.0,2115652,1440635,1,8,2,2,1,7,5,0,0.0,0,0.0,true
465,20,1,6,14,0.7,4627437,815983,1,13,2,1,4,6,3,1,1.0,1,0.167,true
37,31,1,3,4,0.129,1431790,341626,1,31,1,1,1,3,2,0,0.0,0,0.0,false
371,1,0,0,1,1.0,2207522,934888,1,1,8,4,3,3,2,0,0,0,0,true
97,11,0,7,9,0.818,2416135,2260604,1,9,2,2,1,2,1,0,0,7,1.0,true
51,18,2,7,10,0.556,3415801,2633358,1,14,6,6,2,1,4,2,1.0,2,0.286,true
6,5,2,3,1,0.2,23641259,1367495,1,5,1,1,2,5,1,0,0.0,0,0.0,true
652,22,0,5,0,0.0,48184109,42521496,1,20,1,1,3,6,3,0,0,0,0.0,false
154,32,1,1,0,0.0,45481411,29792375,1,23,1,1,1,4,5,0,0.0,0,0.0,false
598,13,0,0,1,0.077,1058247,182186,1,6,1,1,2,2,1,0,0,0,0,false
4,2,1,1,0,0.0,274776,590310,1,2,1,1,1,3,0,0,0.0,0,0.0,false
432,25,0,9,0,0.0,1913589,692830,1,25,1,1,1,4,4,0,0,0,0.0,false
304,6,0,1,0,0.0,364704,1143129,1,2,1,1,3,2,4,0,0,0,0.0,false
7,6,1,5,1,0.167,18624024,2221874,1,2,1,1,10,22,0,0,0.0,1,0.2,true
452,13,1,1,0,0.0,1289598,217916,1,13,1,1,1,4,3,0,0.0,0,0.0,false
703,19,1,1,2,0.105,303767,232675,1,10,1,1,2,1,3,0,0.0,0,0.0,false
85,14,1,3,7,0.5,1128987,741642,1,9,2,2,1,4,2,1,1.0,2,0.667,true
6,5,1,3,0,0.0,24396836,4543881,1,5,1,1,5,8,0,0,0.0,0,0.0,true
389,7,0,0,1,0.143,1203806,1167293,1,7,1,2,3,5,2,0,0,0,0,false
7,7,2,6,2,0.286,18772008,677174,1,7,1,1,1,1,1,0,0.0,0,0.0,true
333,38,0,4,0,0.0,78574830,24303103,1,20,1,1,4,7,4,0,0,0,0.0,false
3,7,0,5,1,0.143,40028250,4068443,1,7,1,1,5,3,3,0,0,1,0.2,true
294,12,0,4,0,0.0,962208,1022244,1,3,2,2,4,4,1,0,0,0,0.0,false
621,21,0,0,2,0.095,1790676,854611,1,21,1,2,2,2,3,0,0,0,0,false
73,15,2,6,7,0.467,1874703,1990609,1,2,1,1,2,7,8,2,1.0,5,0.833,true
6,3,2,3,1,0.333,10894518,847773,1,3,1,1,5,14,4,1,0.5,1,0.333,true
453,46,0,5,5,0.109,53632879,39255352,1,38,1,1,4,2,4,0,0,1,0.2,false
447,20,1,4,3,0.15,39688703,19317931,1,20,1,1,3,6,3,0,0.0,0,0.0,false
270,12,0,0,2,0.167,1834844,223549,1,10,5,5,1,6,2,0,0,0,0,true
89,32,0,4,4,0.125,478359,723089,1,32,1,1,2,3,3,0,0,1,0.25,false
309,23,1,3,2,0.087,1057950,453336,1,19,1,1,1,5,2,0,0.0,1,0.333,false
319,7,2,4,6,0.857,2928736,961089,1,1,1,2,4,1,3,0,0.0,2,0.5,true
189,10,0,4,1,0.1,676750,831963,1,9,1,1,3,5,3,0,0,0,0.0,false
276,6,2,6,0,0.0,4970696,1083583,1,6,6,5,3,4,2,0,0.0,0,0.0,true
469,44,0,0,6,0.136,15830187,40555384,1,35,1,1,2,8,4,0,0,0,0,false
245,10,0,9,1,0.1,1506847,1245211,1,7,1,1,4,6,1,0,0,0,0.0,false
196,38,1,10,4,0.105,1759104,1064746,1,32,1,1,3,5,2,0,0.0,0,0.0,false
145,24,1,1,22,0.917,1221042,2373887,1,15,2,2,1,6,2,1,1.0,1,1.0,true
195,13,3,12,11,0.846,793355,1597309,1,12,1,1,1,3,8,2,0.667,11,0.917,true
667,25,1,1,2,0.08,805426,1177282,1,17,1,1,2,1,3,0,0.0,1,1.0,false
268,22,0,4,2,0.091,1430093,703614,1,22,1,1,2,1,1,0,0,1,0.25,false
67,6,2,5,5,0.833,4659990,2983938,1,5,1,2,1,9,8,1,0.5,4,0.8,true
777,24,0,1,2,0.083,17299874,41832774,1,19,1,1,5,2,3,0,0,0,0.0,false
285,6,1,5,5,0.833,2112274,2682118,1,6,2,1,5,7,2,0,0.0,3,0.6,true
472,13,2,8,8,0.615,1321772,208587,1,10,2,1,1,6,2,0,0.0,6,0.75,true
68,29,2,5,20,0.69,600412,723238,1,15,2,1,4,3,2,1,0.5,5,1.0,true
219,24,0,0,1,0.042,510915,315477,1,21,2,1,2,1,3,0,0,0,0,false
345,19,1,1,0,0.0,245585,735367,1,11,1,1,3,5,4,0,0.0,0,0.0,false
420,42,2,11,1,0.024,765688,1208567,1,38,1,1,2,4,4,0,0.0,0,0.0,false
47,13,1,8,12,0.923,4800552,1216253,1,12,2,1,4,7,3,0,0.0,8,1.0,true
54,34,1,15,17,0.5,3469846,1810573,1,15,1,1,1,3,4,0,0.0,14,0.933,true
492,20,1,1,1,0.05,484802,734151,1,13,1,1,1,1,4,0,0.0,0,0.0,false
1,9,8,8,2,0.222,1127835,648822,1,9,2,2,5,3,3,0,0.0,2,0.25,true
115,24,1,3,16,0.667,488944,2432623,1,7,2,1,1,4,6,0,0.0,2,0.667,true
6,10,6,7,4,0.4,1516937,1448946,1,3,2,2,4,4,5,0,0.0,2,0.286,true
4,3,0,3,0,0.0,472292,490133,1,3,1,1,1,2,0,0,0,0,0.0,false
223,29,2,11,23,0.793,1731383,939880,1,22,1,1,2,8,3,2,1.0,10,0.909,true
168,3,1,1,0,0.0,2738043,2298725,1,1,4,7,4,7,3,0,0.0,0,0.0,true
677,21,1,2,3,0.143,46114740,17266456,1,21,1,1,2,8,2,0,0.0,0,0.0,false
146,36,0,2,3,0.083,1436426,1005373,1,36,1,1,3,4,3,0,0,0,0.0,false
439,25,1,2,2,0.08,1179991,372683,1,18,1,1,1,4,1,0,0.0,0,0.0,false
6,2,1,1,0,0.0,241771,488548,1,2,1,1,1,2,0,0,0.0,0,0.0,false
7,5,2,5,1,0.2,4286779,3819012,1,5,1,1,1,3,0,0,0.0,0,0.0,true
44,12,6,11,4,0.333,3572148,1195286,1,5,1,2,1,5,3,1,0.167,4,0.364,true
44,6,4,6,2,0.333,4801003,512378,1,6,1,1,1,3,3,2,0.5,2,0.333,true
231,11,0,4,0,0.0,764309,1058798,1,11,1,1,1,6,1,0,0,0,0.0,false
76,16,1,8,11,0.688,1276641,1481661,1,1,2,2,3,2,4,1,1.0,1,0.125,true
441,38,0,4,4,0.105,693270,962471,1,25,1,1,2,5,1,0,0,1,0.25,false
57,9,0,7,7,0.778,3822099,1943513,1,8,2,1,4,4,4,0,0,3,0.429,true
270,22,0,1,4,0.182,296430,1189362,1,22,1,1,3,4,2,0,0,0,0.0,false
817,53,0,5,2,0.038,25489430,28638278,1,43,1,1,4,7,5,0,0,1,0.2,false
479,9,1,3,1,0.111,1305653,304666,1,4,1,1,2,1,4,0,0.0,1,0.333,false
103,27,1,12,12,0.444,5762980,238304,1,23,1,1,4,7,3,0,0.0,8,0.667,true
5,3,2,3,2,0.667,15227607,1048072,1,2,1,1,3,22,2,0,0.0,0,0.0,true
495,5,2,5,3,0.6,4983556,2388394,1,2,2,1,1,6,5,0,0.0,3,0.6,true
488,7,1,4,7,1.0,449669,2056309,1,2,1,1,1,3,3,1,1.0,4,1.0,true
50,9,3,7,9,1.0,1191625,1408827,1,1,1,1,3,1,1,3,1.0,5,0.714,true
445,19,0,2,0,0.0,345977,1454640,1,4,2,2,4,1,1,0,0,0,0.0,false
236,22,1,9,19,0.864,998385,1266105,1,19,2,1,5,4,2,1,1.0,7,0.778,true
130,6,2,5,4,0.667,2061376,2442253,1,5,1,2,5,6,6,0,0.0,4,0.8,true
901,24,1,2,3,0.125,74707720,45547912,1,12,1,1,5,3,4,0,0.0,1,0.5,false
81,11,6,6,10,0.909,2286761,404275,1,1,1,1,2,5,2,6,1.0,6,1.0,true
48,5,4,4,4,0.8,3613237,962932,1,1,1,1,3,5,2,4,1.0,4,1.0,true
65,5,4,5,5,1.0,643172,472756,1,2,1,1,3,7,8,4,1.0,5,1.0,true
485,34,0,0,0,0.0,1115548,1124005,1,17,1,1,2,5,2,0,0,0,0,false
319,18,0,11,2,0.111,862901,865837,1,10,1,1,1,2,3,0,0,0,0.0,false
179,33,0,14,0,0.0,1821195,684795,1,28,1,1,1,3,4,0,0,0,0.0,false
7,3,0,1,0,0.0,103839,392856,1,3,1,1,1,2,0,0,0,0,0.0,false
378,21,0,1,2,0.095,326699,203851,1,21,1,1,2,5,4,0,0,0,0.0,false
480,28,0,0,3,0.107,29505421,8561131,1,24,1,1,1,4,3,0,0,0,0,false
360,6,0,2,0,0.0,972946,994693,1,1,2,1,3,4,2,0,0,0,0.0,false
9,15,5,11,1,0.067,397330,350462,1,11,1,1,4,7,1,1,0.2,1,0.091,true
4,2,0,2,0,0.0,4357658,1687640,1,2,1,1,7,12,3,0,0,0,0.0,true
604,43,1,3,6,0.14,56612335,31421895,1,42,1,1,2,8,1,0,0.0,0,0.0,false
285,5,2,5,5,1.0,2029387,2054657,1,5,2,2,2,7,3,2,1.0,5,1.0,true
122,37,1,5,4,0.108,1905358,566376,1,37,1,1,1,3,3,0,0.0,0,0.0,false
3,1,0,1,0,0.0,162911,551635,1,1,1,1,1,2,0,0,0,0,0.0,false
73,12,0,11,11,0.917,3441731,2291810,1,12,1,1,4,4,1,0,0,7,0.636,true
32,12,3,7,12,1.0,3246375,1835839,1,7,1,1,3,1,5,3,1.0,4,0.571,true
197,45,0,9,7,0.156,1731958,469236,1,45,1,1,1,4,5,0,0,2,0.222,false
5,5,5,5,5,1.0,2486236,526612,1,4,1,1,2,4,6,5,1.0,5,1.0,true
52,10,3,5,1,0.1,2905003,1173413,1,8,2,2,1,4,1,0,0.0,0,0.0,true
40,16,5,8,6,0.375,3116011,1743002,1,2,2,1,1,7,2,5,1.0,5,0.625,true
5,3,0,3,0,0.0,642728,237131,1,3,1,1,1,1,0,0,0,0,0.0,false
4,3,0,3,0,0.0,330956,658897,1,3,1,1,1,2,0,0,0,0,0.0,false
77,14,1,5,11,0.786,3737953,404057,1,5,2,1,2,7,6,0,0.0,1,0.2,true
450,22,0,1,14,0.636,2526559,2298517,1,16,1,1,2,1,5,0,0,1,1.0,true
5,7,0,1,0,0.0,13396645,2037626,1,3,1,1,4,25,1,0,0,0,0.0,true
690,35,1,1,5,0.143,111012,316148,1,11,1,1,2,2,2,0,0.0,1,1.0,false
274,8,2,6,0,0.0,1210679,925089,1,8,1,1,4,2,5,1,0.5,1,0.167,false
227,28,0,5,3,0.107,485447,1426221,1,28,1,1,1,2,1,0,0,0,0.0,false
273,11,0,5,8,0.727,3416794,535582,1,3,3,5,5,5,1,0,0,1,0.2,true
253,27,2,8,2,0.074,481826,830153,1,27,1,1,4,3,3,0,0.0,2,0.25,false
800,28,0,0,2,0.071,69427400,30305429,1,23,1,1,4,4,3,0,0,0,0,false
228,23,0,1,0,0.0,893139,908704,1,22,2,2,1,2,4,0,0,0,0.0,false
243,20,0,0,1,0.05,35086055,15560073,1,15,1,1,5,2,2,0,0,0,0,false
816,44,0,2,3,0.068,10954835,43788060,1,38,1,1,1,1,4,0,0,0,0.0,false
178,33,0,5,1,0.03,47035619,31805541,1,27,1,1,4,7,5,0,0,0,0.0,false
528,57,0,0,8,0.14,47461811,42352701,1,36,1,1,2,3,5,0,0,0,0,false
207,28,1,4,1,0.036,56440312,34908222,1,17,1,1,5,4,1,0,0.0,0,0.0,false
129,10,0,8,0,0.0,733283,1481049,1,10,1,1,2,2,1,0,0,0,0.0,false
6,3,0,3,0,0.0,527952,662851,1,3,1,1,1,2,0,0,0,0,0.0,false
194,38,0,2,3,0.079,1538382,811972,1,38,1,1,1,4,1,0,0,0,0.0,false
376,32,0,2,4,0.125,478038,599194,1,20,1,1,2,2,2,0,0,1,0.5,false
374,10,1,4,6,0.6,4070513,1628829,1,2,2,1,4,7,6,1,1.0,2,0.5,true
1,6,2,2,2,0.333,28350921,1256426,1,6,1,1,4,1,3,1,0.5,2,1.0,true
480,19,0,13,1,0.053,1936610,1062457,1,13,1,1,4,6,3,0,0,0,0.0,false
818,18,1,3,0,0.0,39171224,18481438,1,12,1,1,5,5,3,0,0.0,0,0.0,false
124,10,1,5,0,0.0,78524572,39615666,1,10,1,1,2,3,1,0,0.0,0,0.0,false
325,40,1,1,3,0.075,618499,731564,1,37,1,1,3,4,2,0,0.0,1,1.0,false
6,8,0,8,0,0.0,11222055,596646,1,8,1,1,8,30,5,0,0,0,0.0,true
400,13,1,6,2,0.154,1593575,547131,1,13,1,1,1,4,3,0,0.0,0,0.0,false
380,13,0,0,6,0.462,1172729,2731833,1,13,6,7,3,8,5,0,0,0,0,true
653,14,0,2,0,0.0,1237065,277837,1,9,1,1,1,1,4,0,0,0,0.0,false
401,40,2,2,6,0.15,1225060,1445799,1,40,1,1,4,2,4,0,0.0,0,0.0,false
56,3,3,3,0,0.0,4827523,1264390,1,1,2,1,3,1,1,0,0.0,0,0.0,true
5,3,2,2,1,0.333,30004145,2517328,1,3,1,1,3,4,0,1,0.5,1,0.5,true
151,10,1,7,6,0.6,2809686,2226371,1,9,2,1,1,7,4,0,0.0,4,0.571,true
794,19,0,0,0,0.0,1090702,360857,1,16,1,1,1,1,2,0,0,0,0,false
295,16,1,9,14,0.875,470188,783573,1,5,2,2,4,2,4,0,0.0,6,0.667,true
585,22,0,0,0,0.0,435516,215306,1,11,1,1,3,4,1,0,0,0,0,false
225,8,1,8,7,0.875,348739,1706748,1,8,1,1,3,1,3,1,1.0,7,0.875,true
489,33,1,6,4,0.121,225928,1432236,1,33,1,1,4,1,4,0,0.0,2,0.333,false
6,8,1,1,1,0.125,30644316,4809916,1,8,1,1,2,2,3,0,0.0,0,0.0,true
163,22,0,0,3,0.136,260802,1187204,1,22,1,1,4,1,1,0,0,0,0,false
38,9,3,3,1,0.111,3175551,1575229,1,6,2,2,4,5,4,1,0.333,1,0.333,true
61,8,0,6,8,1.0,1213901,1750155,1,5,1,1,1,3,3,0,0,5,0.833,true
16,10,5,5,8,0.8,1670580,1864616,1,8,1,1,4,7,1,5,1.0,5,1.0,true
33,13,5,8,9,0.692,925444,614976,1,11,1,1,3,7,2,5,1.0,8,1.0,true
47,12,6,12,4,0.333,4026390,1755096,1,7,2,2,2,7,5,0,0.0,1,0.083,true
16,13,3,5,12,0.923,729693,869689,1,3,1,1,5,7,8,3,1.0,5,1.0,true
1,3,1,1,0,0.0,393814,250341,1,3,1,1,1,3,0,0,0.0,0,0.0,false
290,5,0,4,4,0.8,3819942,1942284,1,1,5,7,4,4,3,0,0,4,1.0,true
19,18,7,8,0,0.0,4366463,373036,1,5,1,2,3,3,4,0,0.0,0,0.0,true
73,20,3,11,20,1.0,5785765,1231413,1,17,2,2,5,9,8,2,0.667,9,0.818,true
236,33,0,4,0,0.0,1739470,245955,1,33,1,1,2,1,3,0,0,0,0.0,false
148,17,0,4,2,0.118,208619,852175,1,2,1,2,4,1,1,0,0,0,0.0,false
151,26,0,3,0,0.0,38919534,22065091,1,20,1,1,1,8,3,0,0,0,0.0,false
4,4,1,4,0,0.0,44864696,1105396,1,4,1,1,3,8,4,0,0.0,0,0.0,true
354,33,1,1,0,0.0,1018796,1166514,1,14,1,1,1,5,2,0,0.0,0,0.0,false
168,24,1,8,0,0.0,1932432,666730,1,23,1,1,2,7,2,0,0.0,0,0.0,false
76,11,0,3,1,0.091,900013,933269,1,9,1,1,2,3,3,0,0,0,0.0,false
32,13,4,8,2,0.154,931839,1962405,1,9,1,2,3,1,2,1,0.25,1,0.125,true
4,3,1,3,0,0.0,256405,449283,1,3,1,1,1,1,0,0,0.0,0,0.0,false
32,17,6,8,6,0.353,4775070,985813,1,4,2,2,4,4,2,4,0.667,4,0.5,true
373,9,0,4,1,0.111,1169870,1068122,1,1,2,2,1,2,3,0,0,0,0.0,false
1,4,1,3,1,0.25,5714915,421071,1,4,1,1,2,7,0,0,0.0,1,0.333,true
623,24,1,3,2,0.083,793719,887800,1,22,1,1,2,3,3,0,0.0,1,0.333,false
269,16,2,12,12,0.75,2219012,1480048,1,12,2,2,3,2,2,1,0.5,10,0.833,true
530,27,1,4,2,0.074,1224551,411779,1,21,1,1,1,5,3,0,0.0,0,0.0,false
4,8,0,1,1,0.125,22523333,242700,1,8,1,1,4,6,0,0,0,0,0.0,true
761,15,1,3,1,0.067,780070,267310,1,8,1,1,1,3,4,0,0.0,0,0.0,false
1,2,1,2,0,0.0,89909,259708,1,2,1,1,1,1,0,0,0.0,0,0.0,false
169,5,2,5,5,1.0,5986884,2063555,1,5,2,2,5,2,6,0,0.0,3,0.6,true
7,1,1,1,1,1.0,15488714,307544,1,1,1,1,5,10,5,0,0.0,0,0.0,true
24,15,5,9,10,0.667,3683575,312705,1,2,1,1,4,6,5,5,1.0,6,0.667,true
33,6,4,5,1,0.167,2208863,1054752,1,1,2,1,4,2,4,1,0.25,1,0.2,true
274,19,0,11,13,0.684,2644343,1242442,1,16,2,2,5,7,4,0,0,11,1.0,true
598,13,1,4,0,0.0,890258,807986,1,6,1,1,2,5,3,0,0.0,0,0.0,false
749,27,1,3,3,0.111,1470395,356397,1,10,1,1,2,3,1,0,0.0,0,0.0,false
443,25,1,8,23,0.92,1830775,1863772,1,2,1,2,1,6,2,1,1.0,6,0.75,true
38,15,4,5,5,0.333,3125602,773287,1,2,2,2,2,6,0,4,1.0,4,0.8,true
195,13,0,9,9,0.692,3681344,1712648,1,11,1,1,4,7,2,0,0,2,0.222,true
220,18,1,1,2,0.111,603033,514513,1,14,1,1,1,2,1,0,0.0,0,0.0,false
50,4,4,4,1,0.25,2686035,872101,1,1,1,1,2,6,2,1,0.25,1,0.25,true
7,4,0,1,2,0.5,17593733,2013941,1,4,1,1,3,30,0,0,0,1,1.0,true
203,18,2,6,4,0.222,2031278,1086278,1,4,7,5,2,3,5,0,0.0,0,0.0,true
310,14,1,2,4,0.286,3544291,960261,1,11,5,5,1,7,1,0,0.0,2,1.0,true
41,24,1,12,23,0.958,3379046,759179,1,20,2,1,4,8,7,0,0.0,7,0.583,true
111,20,1,4,1,0.05,690047,1187868,1,15,1,1,3,4,3,0,0.0,0,0.0,false
7,1,0,1,1,1.0,3167078,4958578,1,1,1,1,3,4,4,0,0,0,0.0,true
220,21,0,12,16,0.762,2370239,1216501,1,19,1,2,1,3,5,0,0,11,0.917,true
5,8,1,5,2,0.25,19953986,2874782,1,8,1,1,5,2,0,0,0.0,1,0.2,true
41,5,3,5,2,0.4,1321649,1684941,1,1,1,1,4,3,0,0,0.0,2,0.4,true
1,2,0,1,0,0.0,276494,531914,1,2,1,1,1,2,0,0,0,0,0.0,false
69,9,4,5,5,0.556,2412552,282041,1,6,1,1,1,2,8,4,1.0,5,1.0,true
6,6,0,3,1,0.167,16654004,1986398,1,5,1,1,5,25,2,0,0,1,0.333,true
134,10,2,6,4,0.4,3737785,952952,1,3,6,8,5,2,3,0,0.0,3,0.5,true
546,10,0,4,0,0.0,31370471,17022229,1,9,1,1,5,3,4,0,0,0,0.0,false
387,41,0,9,3,0.073,1205971,1341936,1,41,1,1,4,3,5,0,0,1,0.111,false
5,2,0,1,0,0.0,156577,127489,1,2,1,1,1,2,0,0,0,0,0.0,false
360,6,0,3,1,0.167,1774327,1035789,1,6,3,7,4,6,0,0,0,0,0.0,true
104,17,0,11,13,0.765,4320617,2990230,1,13,1,2,4,9,8,0,0,11,1.0,true
5,1,0,1,0,0.0,141585,629395,1,1,1,1,1,1,0,0,0,0,0.0,false
662,38,1,3,3,0.079,999321,790428,1,30,1,1,3,1,1,0,0.0,1,0.333,false
367,49,1,9,1,0.02,2460547,1012627,1,30,1,1,4,7,5,0,0.0,0,0.0,false
80,3,3,3,3,1.0,2900573,319660,1,3,1,1,2,1,3,3,1.0,3,1.0,true
2,2,1,1,1,0.5,1024213,1506235,1,2,1,1,10,18,1,1,1.0,1,1.0,true
204,34,0,8,4,0.118,1833558,369473,1,34,1,1,4,3,2,0,0,1,0.125,false
512,10,0,8,2,0.2,893326,691793,1,10,1,1,1,1,1,0,0,2,0.25,false
589,21,1,2,2,0.095,500674,329543,1,10,1,1,3,4,4,0,0.0,0,0.0,false
60,18,4,11,4,0.222,802323,1295278,1,7,2,2,2,4,1,4,1.0,4,0.364,true
357,24,1,3,1,0.042,33492771,32322342,1,20,1,1,1,2,5,0,0.0,0,0.0,false
180,38,2,7,0,0.0,312314,412353,1,38,1,1,3,2,2,1,0.5,1,0.143,false
388,31,0,3,3,0.097,698559,274072,1,12,1,1,3,5,2,0,0,1,0.333,false
1,2,0,2,0,0.0,255329,535791,1,2,1,1,1,2,0,0,0,0,0.0,false
42,16,1,3,2,0.125,509774,1430208,1,16,1,1,2,1,5,0,0.0,0,0.0,false
390,12,0,2,0,0.0,572845,875662,1,12,1,1,2,1,3,0,0,0,0.0,false
313,30,1,3,2,0.067,571224,284272,1,20,1,1,1,5,2,0,0.0,0,0.0,false
62,14,0,2,2,0.143,769371,1067947,1,2,2,1,3,4,3,0,0,0,0.0,false
338,22,0,0,3,0.136,804323,820479,1,9,1,1,1,2,2,0,0,0,0,false
349,19,2,9,0,0.0,720645,1072953,1,19,1,1,3,3,1,0,0.0,0,0.0,false
3,2,0,2,0,0.0,474747,272811,1,2,1,1,1,3,0,0,0,0,0.0,false
64,7,4,5,4,0.571,2291493,298129,1,3,1,1,4,2,2,4,1.0,4,0.8,true
112,27,2,14,4,0.148,488889,1313875,1,15,1,1,4,3,3,0,0.0,0,0.0,false
115,1,1,1,1,1.0,408808,1866600,1,1,6,5,4,2,5,0,0.0,0,0.0,true
42,17,8,9,1,0.059,2517910,1784364,1,4,1,1,4,7,3,1,0.125,1,0.111,true
475,50,1,5,4,0.08,60803895,29514651,1,43,1,1,1,5,4,0,0.0,0,0.0,false
766,24,1,4,3,0.125,1030943,887247,1,22,1,1,1,3,4,0,0.0,0,0.0,false
128,2,0,0,2,1.0,1669966,552518,1,1,4,8,2,8,3,0,0,0,0,true
86,3,3,3,3,1.0,1415947,1986155,1,2,1,1,2,4,8,3,1.0,3,1.0,true
12,7,5,7,1,0.143,615589,1450472,1,2,2,1,3,6,3,1,0.2,1,0.143,true
359,51,0,2,1,0.02,20262606,10060005,1,25,1,1,5,1,5,0,0,0,0.0,false
4,1,1,1,0,0.0,274760,694334,1,1,1,1,1,3,0,0,0.0,0,0.0,false
509,9,1,1,0,0.0,360788,1132930,1,8,1,1,2,4,3,0,0.0,0,0.0,false
569,15,0,0,0,0.0,1322969,450139,1,8,1,1,2,3,4,0,0,0,0,false
7,3,2,2,1,0.333,14088342,2242799,1,1,1,1,7,29,4,0,0.0,1,0.5,true
278,34,0,7,3,0.088,1194881,521130,1,34,1,1,2,6,1,0,0,2,0.286,false
353,24,0,4,3,0.125,540785,1051540,1,18,1,1,2,4,4,0,0,1,0.25,false
5,2,0,1,0,0.0,368086,641762,1,2,1,1,1,2,0,0,0,0,0.0,false
269,19,0,4,1,0.053,732122,592989,1,18,1,1,1,3,3,0,0,0,0.0,false
265,11,2,2,11,1.0,318876,2987095,1,7,6,8,1,2,1,1,0.5,2,1.0,true
745,49,0,3,4,0.082,55283492,33307625,1,44,1,1,5,7,1,0,0,0,0.0,false
161,14,0,1,13,0.929,1017683,2482051,1,5,4,8,5,1,2,0,0,1,1.0,true
131,38,1,1,4,0.105,1493007,842479,1,31,1,1,2,1,3,0,0.0,1,1.0,false
56,11,2,8,7,0.636,2185623,647575,1,1,1,1,2,1,7,2,1.0,2,0.25,true
1,1,0,1,0,0.0,36020029,3922970,1,1,1,1,1,2,1,0,0,0,0.0,true
46,25,2,7,21,0.84,1346203,2322939,1,16,2,1,4,1,4,0,0.0,4,0.571,true
1,5,0,5,0,0.0,8416252,1755462,1,5,1,1,8,19,2,0,0,0,0.0,true
350,29,1,13,2,0.069,957894,446528,1,18,1,1,2,1,5,0,0.0,0,0.0,false
639,23,1,3,0,0.0,202853,1191712,1,16,1,1,1,5,3,0,0.0,0,0.0,false
3,2,0,2,0,0.0,277636,198326,1,2,1,1,1,1,0,0,0,0,0.0,false
7,29,2,15,12,0.414,3943411,2214075,1,19,2,2,1,7,4,1,0.5,11,0.733,true
98,37,1,2,0,0.0,219307,923298,1,21,1,1,1,1,4,0,0.0,0,0.0,false
438,29,1,3,3,0.103,753550,830280,1,27,1,1,3,1,1,0,0.0,0,0.0,false
5,3,1,2,0,0.0,611221,518620,1,3,1,1,1,3,0,0,0.0,0,0.0,false
144,11,0,1,1,0.091,984787,278423,1,4,1,2,1,4,2,0,0,0,0.0,false
477,29,0,10,29,1.0,4885289,1159267,1,3,2,1,3,6,2,0,0,1,0.1,true
2,2,1,1,0,0.0,643723,382692,1,2,1,1,1,1,0,0,0.0,0,0.0,false
159,28,0,1,23,0.821,3510956,1755672,1,5,1,1,3,2,5,0,0,1,1.0,true
6,3,1,2,0,0.0,595611,515820,1,3,1,1,1,3,0,0,0.0,0,0.0,false
471,16,0,8,3,0.188,296410,332825,1,16,1,1,3,6,3,0,0,1,0.125,false
7,1,0,1,1,1.0,3835101,3060048,1,1,1,1,5,7,3,0,0,1,1.0,true
3,1,1,1,0,0.0,492022,462746,1,1,1,1,1,1,0,0,0.0,0,0.0,false
172,15,1,11,13,0.867,3716567,2312160,1,11,1,1,5,7,8,0,0.0,11,1.0,true
331,37,0,2,4,0.108,1933058,1465217,1,37,1,1,1,2,3,0,0,0,0.0,false
350,25,1,12,0,0.0,1280785,1011955,1,25,1,1,1,5,3,0,0.0,0,0.0,false
3,7,1,6,2,0.286,9356129,1206134,1,7,1,1,4,7,3,0,0.0,0,0.0,true
177,19,0,4,1,0.053,1242030,621459,1,16,1,1,1,3,2,0,0,1,0.25,false
164,34,1,14,1,0.029,532229,1085500,1,24,1,1,3,3,5,0,0.0,0,0.0,false
111,22,0,1,3,0.136,708618,955620,1,20,1,1,1,2,3,0,0,0,0.0,false
465,20,1,4,3,0.15,750692,862010,1,9,1,1,2,2,1,0,0.0,0,0.0,false
338,5,1,4,3,0.6,483952,1552126,1,1,8,5,1,3,3,1,1.0,2,0.5,true
23,11,5,6,1,0.091,1541046,982059,1,8,1,2,1,1,3,0,0.0,1,0.167,true
541,16,1,3,2,0.125,829727,1006368,1,10,1,1,2,1,2,0,0.0,0,0.0,false
5,7,1,5,1,0.143,17216174,2356712,1,3,1,1,7,18,4,0,0.0,0,0.0,true
424,18,2,3,10,0.556,1355719,715830,1,7,2,2,1,2,4,1,0.5,2,0.667,true
39,4,3,4,0,0.0,3042704,520311,1,3,1,1,5,8,3,0,0.0,0,0.0,true
540,23,0,1,3,0.13,506881,921418,1,21,1,1,2,3,4,0,0,1,1.0,false
376,9,2,7,5,0.556,4591929,2586845,1,8,3,3,3,6,0,0,0.0,4,0.571,true
231,25,0,7,20,0.8,3190707,2235074,1,15,2,1,2,1,3,0,0,4,0.571,true
74,12,2,10,10,0.833,2204570,1586781,1,8,1,1,3,6,8,2,1.0,10,1.0,true
207,36,1,2,4,0.111,438723,1040491,1,36,1,1,4,4,3,0,0.0,1,0.5,false
368,18,0,8,14,0.778,4649517,2015838,1,5,2,1,3,1,2,0,0,2,0.25,true
19,20,1,9,14,0.7,4729283,1285025,1,8,2,2,1,6,1,0,0.0,3,0.333,true
90,22,0,9,12,0.545,1190353,1061452,1,12,1,2,4,7,5,0,0,9,1.0,true
59,3,2,2,2,0.667,2699362,457287,1,1,1,1,2,5,5,2,1.0,2,1.0,true
7,1,1,1,0,0.0,478343,425549,1,1,1,1,1,2,0,0,0.0,0,0.0,false
189,16,2,3,0,0.0,3239028,1625438,1,1,7,7,4,2,5,0,0.0,0,0.0,true
1,3,1,3,0,0.0,671573,197659,1,3,1,1,1,1,0,0,0.0,0,0.0,false
5,2,1,2,0,0.0,260908,391893,1,2,1,1,1,3,0,0,0.0,0,0.0,false
99,14,2,6,4,0.286,1273969,2602660,1,11,1,2,4,1,5,2,1.0,3,0.5,true
949,58,1,2,2,0.034,18325904,24806548,1,35,1,1,5,1,3,0,0.0,0,0.0,false
851,60,0,4,5,0.083,43734435,18628952,1,49,1,1,4,4,3,0,0,0,0.0,false
505,12,0,2,1,0.083,431680,1101527,1,4,1,1,3,3,2,0,0,1,0.5,false
48,10,2,10,7,0.7,286572,2166632,1,3,2,2,2,6,4,1,0.5,6,0.6,true
274,28,1,7,4,0.143,773772,1034393,1,28,1,1,3,3,4,0,0.0,2,0.286,false
4,3,1,3,0,0.0,110610,286909,1,3,1,1,1,2,0,0,0.0,0,0.0,false
38,12,8,8,0,0.0,1977926,587515,1,11,2,1,1,3,5,0,0.0,0,0.0,true
2,1,1,1,0,0.0,645979,307823,1,1,1,1,1,1,0,0,0.0,0,0.0,false
307,1,0,0,1,1.0,2868914,607466,1,1,4,3,3,4,0,0,0,0,0,true
130,15,1,6,13,0.867,3330752,2720533,1,6,6,8,4,5,0,0,0.0,6,1.0,true
467,7,0,4,7,1.0,1478610,2067580,1,4,2,1,4,5,2,0,0,1,0.25,true
165,21,0,2,12,0.571,745496,734923,1,2,2,1,3,5,6,0,0,1,0.5,true
4,7,2,6,2,0.286,5162657,634626,1,2,1,1,7,28,0,1,0.5,2,0.333,true
352,53,0,3,5,0.094,47960665,6657973,1,42,1,1,3,8,4,0,0,1,0.333,false
7,2,1,1,0,0.0,385482,152518,1,2,1,1,1,2,0,0,0.0,0,0.0,false
3,22,3,9,21,0.955,2181671,300666,1,12,2,2,2,6,5,1,0.333,5,0.556,true
47,17,4,10,2,0.118,1928689,1525444,1,12,2,1,3,3,0,0,0.0,1,0.1,true
204,25,1,9,14,0.56,5398781,987891,1,11,1,1,4,4,8,0,0.0,5,0.556,true
59,15,8,10,4,0.267,4756811,1536775,1,6,2,2,3,5,2,0,0.0,0,0.0,true
6,4,2,3,1,0.25,30620274,2574684,1,4,1,1,2,1,2,0,0.0,1,0.333,true
717,31,0,0,4,0.129,733537,1162808,1,17,1,1,3,4,3,0,0,0,0,false
327,12,1,3,12,1.0,2549425,730405,1,9,2,1,1,7,4,0,0.0,1,0.333,true
2,1,0,1,0,0.0,17001755,1498350,1,1,1,1,3,5,0,0,0,0,0.0,true
329,30,0,5,3,0.1,1620183,1291856,1,30,1,1,4,5,1,0,0,1,0.2,false
1,1,1,1,0,0.0,86933,638065,1,1,1,1,1,3,0,0,0.0,0,0.0,false
555,14,2,4,1,0.071,622939,950616,1,14,1,1,4,3,2,1,0.5,1,0.25,false
12,12,4,9,8,0.667,3580356,1955808,1,2,1,1,1,1,7,4,1.0,8,0.889,true
401,11,0,3,0,0.0,1639244,376243,1,11,1,1,3,1,1,0,0,0,0.0,false
137,24,2,7,12,0.5,2374958,2994792,1,20,1,2,1,9,3,0,0.0,5,0.714,true
1,2,1,2,0,0.0,366604,552436,1,2,1,1,1,2,0,0,0.0,0,0.0,false
3,4,3,3,3,0.75,3950119,1166465,1,2,1,1,3,1,8,3,1.0,3,1.0,true
164,3,0,0,2,0.667,1279945,2610391,1,3,6,8,4,1,3,0,0,0,0,true
47,5,2,2,3,0.6,681457,654993,1,1,1,1,3,3,4,2,1.0,2,1.0,true
97,22,2,5,14,0.636,3626948,812128,1,1,2,2,2,5,4,1,0.5,2,0.4,true
7,1,0,1,0,0.0,684095,414394,1,1,1,1,1,3,0,0,0,0,0.0,false
3,5,2,4,0,0.0,45837657,451473,1,5,1,1,1,6,3,0,0.0,0,0.0,true
66,29,0,0,4,0.138,837691,776236,1,21,1,1,2,5,2,0,0,0,0,false
129,19,0,0,0,0.0,165877,842958,1,7,1,1,3,2,3,0,0,0,0,false
230,28,3,7,21,0.75,5709369,255404,1,16,1,1,1,1,3,2,0.667,6,0.857,true
20,16,0,7,14,0.875,3299874,320951,1,5,8,8,2,3,0,0,0,7,1.0,true
143,20,0,11,18,0.9,1381578,1414906,1,11,1,1,4,8,2,0,0,10,0.909,true
2,3,1,3,0,0.0,396422,230219,1,3,1,1,1,3,0,0,0.0,0,0.0,false
296,22,2,11,0,0.0,1074290,1191587,1,17,1,1,3,3,2,0,0.0,0,0.0,false
5,3,1,1,0,0.0,131040,336622,1,3,1,1,1,3,0,0,0.0,0,0.0,false
204,17,0,4,0,0.0,568405,1261318,1,9,8,3,5,1,5,0,0,0,0.0,true
483,12,0,4,1,0.083,213674,543389,1,12,1,1,2,5,4,0,0,1,0.25,false
586,37,1,5,4,0.108,1157866,216712,1,37,1,1,3,2,3,0,0.0,0,0.0,false
370,19,2,10,19,1.0,709227,2415887,1,1,2,2,1,3,6,0,0.0,8,0.8,true
5,1,1,1,0,0.0,692401,687275,1,1,1,1,1,3,0,0,0.0,0,0.0,false
6,1,1,1,0,0.0,203119,389369,1,1,1,1,1,2,0,0,0.0,0,0.0,false
704,50,0,0,0,0.0,68435370,10915021,1,27,1,1,3,4,3,0,0,0,0,false
118,18,1,6,6,0.333,4248506,1858255,1,11,2,2,4,3,5,1,1.0,6,1.0,true
3,1,0,1,0,0.0,475489,121468,1,1,1,1,1,1,0,0,0,0,0.0,false
266,11,0,8,5,0.455,1965494,1718748,1,9,4,4,5,7,5,0,0,5,0.625,true
134,18,1,6,14,0.778,3491447,2144694,1,10,2,2,4,9,8,0,0.0,5,0.833,true
25,14,8,8,4,0.286,365985,1024129,1,5,2,1,2,5,1,1,0.125,4,0.5,true
278,38,2,3,2,0.053,1475789,840595,1,38,1,1,3,4,4,0,0.0,0,0.0,false
426,26,0,5,21,0.808,3107762,1893706,1,13,1,2,2,7,4,0,0,3,0.6,true
1,5,2,2,0,0.0,10217943,2915223,1,3,1,1,3,14,1,0,0.0,0,0.0,true
3,6,0,5,1,0.167,9394764,269918,1,6,1,1,4,3,3,0,0,1,0.2,true
332,41,2,12,5,0.122,1273484,302940,1,31,1,1,2,5,1,0,0.0,0,0.0,false
95,29,0,3,17,0.586,2667464,720728,1,18,2,1,1,6,1,0,0,3,1.0,true
94,46,1,2,2,0.043,52038976,21520533,1,30,1,1,4,5,3,0,0.0,0,0.0,false
100,7,1,6,7,1.0,335069,253830,1,7,2,2,4,7,6,0,0.0,4,0.667,true
156,9,0,6,1,0.111,4512076,2461390,1,4,8,3,3,8,1,0,0,0,0.0,true
19,6,4,6,4,0.667,490493,774421,1,4,1,1,1,5,8,4,1.0,4,0.667,true
389,44,0,8,8,0.182,208001,1096754,1,44,1,1,1,3,5,0,0,0,0.0,false
133,17,0,4,17,1.0,2030854,2161626,1,9,3,3,5,3,3,0,0,4,1.0,true
157,41,1,6,8,0.195,918762,1227979,1,41,1,1,3,2,2,0,0.0,2,0.333,false
396,32,0,2,0,0.0,827583,487580,1,32,1,1,4,2,2,0,0,0,0.0,false
666,34,0,4,1,0.029,1283615,206837,1,13,1,1,3,4,2,0,0,1,0.25,false
11,5,2,4,5,1.0,1680629,1371291,1,2,1,1,2,2,2,2,1.0,3,0.75,true
131,48,0,12,2,0.042,2299881,1160466,1,41,1,1,1,1,2,0,0,0,0.0,false
395,34,0,0,1,0.029,543883,1103573,1,21,1,1,2,4,3,0,0,0,0,false
51,8,1,1,7,0.875,1161708,616635,1,3,2,1,2,3,1,1,1.0,1,1.0,true
190,18,2,6,3,0.167,979866,466192,1,18,1,1,3,6,1,1,0.5,2,0.333,false
46,18,5,5,5,0.278,3887308,975170,1,13,2,1,3,6,2,3,0.6,3,0.6,true
690,40,0,2,5,0.125,1330672,651810,1,20,1,1,1,5,2,0,0,0,0.0,false
97,19,0,14,0,0.0,974882,254941,1,18,1,1,3,5,5,0,0,0,0.0,false
566,11,0,3,1,0.091,850869,886477,1,3,1,1,2,1,4,0,0,0,0.0,false
280,16,1,8,16,1.0,459606,2067206,1,4,2,2,3,4,2,0,0.0,2,0.25,true
254,18,0,6,17,0.944,4091592,1400759,1,15,4,4,4,5,0,0,0,6,1.0,true
322,27,2,9,1,0.037,1555116,314439,1,27,1,1,2,4,4,1,0.5,1,0.111,false
2,4,1,1,2,0.5,48864934,3893314,1,4,1,1,4,2,0,0,0.0,0,0.0,true
1,4,0,2,2,0.5,34773680,416235,1,4,1,1,3,4,2,0,0,0,0.0,true
45,3,3,3,3,1.0,1879165,367283,1,3,1,1,3,8,1,3,1.0,3,1.0,true
424,32,2,12,0,0.0,1478502,554954,1,27,1,1,4,5,2,0,0.0,0,0.0,false
7,5,0,1,1,0.2,7306101,2065976,1,5,1,1,1,6,1,0,0,0,0.0,true
341,24,2,8,19,0.792,248698,1581716,1,2,2,2,2,2,1,2,1.0,5,0.625,true
165,17,1,1,11,0.647,889812,664847,1,6,1,1,4,7,3,1,1.0,1,1.0,true
83,12,2,7,12,1.0,2444438,1916077,1,8,1,1,1,2,3,2,1.0,5,0.714,true
5,2,0,2,0,0.0,199754,360901,1,2,1,1,1,3,0,0,0,0,0.0,false
331,19,1,8,17,0.895,507060,1069058,1,8,1,2,2,4,2,1,1.0,5,0.625,true
235,6,0,1,5,0.833,1582770,1260180,1,2,1,2,1,1,6,0,0,1,1.0,true
107,19,2,7,2,0.105,4642537,1748501,1,10,5,5,4,8,0,0,0.0,1,0.143,true
60,9,2,5,5,0.556,3633085,1007529,1,4,1,1,4,2,6,2,1.0,2,0.4,true
114,19,1,6,15,0.789,3608549,2552988,1,9,6,5,5,4,3,0,0.0,3,0.5,true
35,10,6,9,0,0.0,4069062,234431,1,1,2,1,3,1,3,0,0.0,0,0.0,true
125,50,0,1,2,0.04,57894420,26823890,1,40,1,1,4,5,5,0,0,0,0.0,false
569,8,0,2,1,0.125,1067713,1300262,1,4,1,1,1,5,1,0,0,0,0.0,false
363,34,2,4,0,0.0,203066,989105,1,34,1,1,3,1,2,0,0.0,0,0.0,false
158,9,0,0,0,0.0,881497,422871,1,7,1,1,1,5,3,0,0,0,0,false
4,6,2,6,1,0.167,7586302,727781,1,2,1,1,5,14,1,0,0.0,0,0.0,true
528,20,0,3,2,0.1,763071,302133,1,6,1,1,2,5,1,0,0,1,0.333,false
239,1,1,1,1,1.0,4966182,561109,1,1,3,3,1,3,5,0,0.0,0,0.0,true
443,7,0,0,1,0.143,1003215,455281,1,3,1,1,3,4,2,0,0,0,0,false
383,43,2,6,2,0.047,668352,844004,1,43,1,1,4,3,3,0,0.0,0,0.0,false
563,18,1,5,2,0.111,69774935,29074741,1,13,1,1,4,2,2,0,0.0,1,0.2,false
284,22,1,7,8,0.364,2418337,2550261,1,18,2,2,1,7,2,1,1.0,4,0.571,true
413,36,1,3,3,0.083,12267067,31139027,1,21,1,1,5,1,5,0,0.0,1,0.333,false
11,10,8,8,0,0.0,4152743,1999193,1,10,1,2,4,3,5,0,0.0,0,0.0,true
7,1,0,1,0,0.0,142241,677766,1,1,1,1,1,2,0,0,0,0,0.0,false
1,7,0,1,2,0.286,9006567,1712888,1,5,1,1,9,22,5,0,0,0,0.0,true
332,6,1,1,6,1.0,2070870,1165839,1,4,1,1,4,6,3,0,0.0,1,1.0,true
222,16,1,6,12,0.75,4749994,1604437,1,15,1,2,2,5,5,0,0.0,3,0.5,true
707,34,0,0,0,0.0,1180821,657381,1,33,1,1,1,3,4,0,0,0,0,false
70,11,1,11,10,0.909,3666207,360920,1,11,1,1,4,1,4,0,0.0,10,0.909,true
7,1,1,1,0,0.0,552908,136215,1,1,1,1,1,2,0,0,0.0,0,0.0,false
3,8,0,1,0,0.0,41885461,1017042,1,8,1,1,3,8,2,0,0,0,0.0,true
41,16,2,4,11,0.688,1994317,896742,1,9,8,4,4,8,3,2,1.0,2,0.5,true
280,14,1,9,2,0.143,1562711,1159541,1,10,1,1,4,4,1,0,0.0,0,0.0,false
155,16,2,2,9,0.562,3399880,1884780,1,4,2,1,1,4,4,0,0.0,1,0.5,true
29,28,0,2,3,0.107,1986770,490234,1,28,1,1,2,3,3,0,0,0,0.0,false
197,12,2,10,0,0.0,2307225,1663326,1,7,1,1,2,1,4,0,0.0,0,0.0,false
222,49,0,13,0,0.0,2409555,291188,1,32,1,1,2,1,3,0,0,0,0.0,false
52,28,0,10,19,0.679,539219,2353110,1,11,2,1,2,4,5,0,0,7,0.7,true
356,11,0,4,1,0.091,768437,496866,1,5,1,1,1,3,3,0,0,0,0.0,false
22,4,2,3,3,0.75,569168,600890,1,3,1,1,5,1,1,2,1.0,3,1.0,true
6,3,2,2,1,0.333,2024739,2875737,1,2,6,3,2,5,5,0,0.0,0,0.0,true
3,3,0,3,0,0.0,1393006,2599505,1,2,1,1,10,21,1,0,0,0,0.0,true
50,11,7,9,2,0.182,2328554,1258871,1,10,1,1,5,1,4,0,0.0,2,0.222,true
6,3,0,3,0,0.0,16764298,363539,1,1,1,1,6,19,2,0,0,0,0.0,true
723,19,0,0,1,0.053,232575,1123639,1,17,1,1,2,4,1,0,0,0,0,false
49,16,2,12,1,0.062,1800320,364579,1,8,1,1,3,3,4,0,0.0,0,0.0,false
522,9,1,3,1,0.111,1156626,614623,1,7,1,1,1,5,3,0,0.0,0,0.0,false
47,14,3,12,3,0.214,4715830,1774084,1,13,2,2,5,2,4,0,0.0,1,0.083,true
95,24,2,6,8,0.333,3195520,2430036,1,23,2,2,5,3,5,1,0.5,3,0.5,true
37,5,0,2,3,0.6,1011397,316906,1,4,2,1,3,7,3,0,0,2,1.0,true
6,7,0,5,0,0.0,39792206,3046179,1,7,1,1,4,3,2,0,0,0,0.0,true
8,6,6,6,2,0.333,1502654,1027979,1,4,1,1,1,6,1,2,0.333,2,0.333,true
10,20,0,13,20,1.0,5469786,997689,1,13,2,2,2,9,1,0,0,12,0.923,true
33,21,1,6,12,0.571,1832845,1004823,1,14,2,2,5,2,3,0,0.0,6,1.0,true
414,15,0,2,0,0.0,49105187,22949768,1,13,1,1,3,8,3,0,0,0,0.0,false
326,2,0,1,2,1.0,4890541,1148036,1,2,8,3,2,5,2,0,0,0,0.0,true
197,40,0,3,8,0.2,550569,644365,1,40,1,1,2,2,1,0,0,1,0.333,false
205,8,0,6,1,0.125,2944012,1387804,1,7,7,6,5,2,2,0,0,1,0.167,true
3,7,2,4,0,0.0,38483478,1926886,1,7,1,1,4,6,1,0,0.0,0,0.0,true
237,17,3,15,13,0.765,2146300,476892,1,17,2,2,1,2,4,1,0.333,13,0.867,true
4,3,1,3,0,0.0,655914,573699,1,3,1,1,1,3,0,0,0.0,0,0.0,false
92,14,0,4,5,0.357,2659872,1696885,1,7,3,6,3,5,5,0,0,4,1.0,true
249,31,3,15,20,0.645,5858644,2467725,1,22,1,1,2,2,2,0,0.0,15,1.0,true
3,6,1,3,2,0.333,43736101,461367,1,6,1,1,2,6,0,1,1.0,1,0.333,true
407,28,1,3,3,0.107,491784,1190613,1,24,1,1,2,5,3,0,0.0,1,0.333,false
538,11,0,3,2,0.182,1045959,484478,1,11,1,1,1,2,2,0,0,1,0.333,false
1,3,1,3,0,0.0,107537,173972,1,3,1,1,1,2,0,0,0.0,0,0.0,false
200,11,1,7,0,0.0,696083,1442603,1,11,1,1,3,6,3,0,0.0,0,0.0,false
93,31,1,4,3,0.097,585440,754199,1,19,1,1,3,4,1,0,0.0,1,0.25,false
113,12,1,9,0,0.0,806527,575110,1,12,1,1,1,4,3,0,0.0,0,0.0,false
11,5,5,5,1,0.2,465356,1329141,1,3,1,2,4,7,2,0,0.0,1,0.2,true
419,37,0,0,5,0.135,1453592,459728,1,19,1,1,1,2,3,0,0,0,0,false
218,16,2,8,16,1.0,850154,1775741,1,5,3,4,5,2,1,0,0.0,1,0.125,true
274,17,2,7,10,0.588,2958941,2259229,1,15,2,1,1,3,6,0,0.0,7,1.0,true
5,4,0,4,2,0.5,39007040,2834245,1,4,1,1,1,8,1,0,0,0,0.0,true
95,7,0,7,5,0.714,344660,2526671,1,7,2,1,1,3,4,0,0,4,0.571,true
295,38,0,11,1,0.026,2455986,1029656,1,20,1,1,4,5,1,0,0,0,0.0,false
13,17,4,12,3,0.176,883923,1963827,1,16,2,1,1,8,5,2,0.5,3,0.25,true
786,44,1,4,3,0.068,63345392,18669650,1,35,1,1,5,8,2,0,0.0,1,0.25,false
5,3,0,1,0,0.0,11246980,1542243,1,3,1,1,10,13,5,0,0,0,0.0,true
22,6,6,6,0,0.0,3672292,879969,1,1,1,2,2,1,4,0,0.0,0,0.0,true
27,4,2,2,3,0.75,1839134,411123,1,4,1,1,1,7,2,2,1.0,2,1.0,true
60,8,5,7,3,0.375,2618473,1813463,1,7,2,2,2,2,2,0,0.0,3,0.429,true
65,7,1,2,4,0.571,4581519,2663386,1,6,6,5,5,5,5,0,0.0,2,1.0,true
4,6,0,3,1,0.167,2595302,4112778,1,6,1,1,1,6,3,0,0,1,0.333,true
471,34,0,0,5,0.147,993960,376412,1,26,1,1,3,4,1,0,0,0,0,false
757,35,1,4,1,0.029,607923,216208,1,29,1,1,3,1,2,0,0.0,0,0.0,false
217,32,0,9,2,0.062,1247975,688624,1,24,1,1,3,1,5,0,0,0,0.0,false
46,8,6,8,0,0.0,4508806,764659,1,7,2,1,1,8,5,0,0.0,0,0.0,true
6,1,1,1,0,0.0,275243,94768,1,1,1,1,1,3,0,0,0.0,0,0.0,false
45,4,4,4,4,1.0,2229669,1487661,1,1,1,1,2,5,2,4,1.0,4,1.0,true
404,24,1,2,0,0.0,537441,357291,1,24,1,1,1,3,5,0,0.0,0,0.0,false
205,5,1,1,0,0.0,1427857,214292,1,1,1,1,3,5,2,0,0.0,0,0.0,false
2,3,1,2,2,0.667,17193067,1081160,1,2,1,1,4,20,5,0,0.0,1,0.5,true
467,33,1,2,4,0.121,1730833,700458,1,33,1,1,1,2,1,0,0.0,2,1.0,false
299,24,2,12,13,0.542,5858330,877075,1,12,1,1,4,7,2,0,0.0,11,0.917,true
645,34,0,4,4,0.118,1467002,544766,1,21,1,1,3,4,2,0,0,1,0.25,false
2,2,0,1,2,1.0,15886530,1214533,1,1,1,1,10,26,5,0,0,1,1.0,true
43,23,1,5,9,0.391,5550872,591290,1,12,1,1,2,9,6,1,1.0,4,0.8,true
366,24,1,9,3,0.125,775713,384119,1,23,1,1,4,5,5,0,0.0,0,0.0,false
350,18,0,3,2,0.111,1180981,852940,1,7,1,1,1,3,2,0,0,0,0.0,false
27,4,4,4,0,0.0,1736140,1794547,1,3,1,2,5,3,5,0,0.0,0,0.0,true
85,14,0,1,0,0.0,476146,846643,1,10,1,1,3,2,3,0,0,0,0.0,false
781,36,0,5,2,0.056,74265413,37146566,1,24,1,1,5,3,4,0,0,1,0.2,false
115,18,3,5,13,0.722,2461144,2993124,1,12,1,1,5,8,2,2,0.667,3,0.6,true
7,3,0,3,1,0.333,21252539,3065311,1,3,1,1,3,2,0,0,0,0,0.0,true
788,40,1,2,4,0.1,1437353,515095,1,38,1,1,2,5,2,0,0.0,0,0.0,false
2,5,0,5,2,0.4,15705967,1453351,1,1,1,1,10,14,0,0,0,2,0.4,true
56,7,3,3,3,0.429,248394,1518886,1,7,1,1,5,3,1,3,1.0,3,1.0,true
135,12,2,7,9,0.75,4818364,555504,1,3,1,2,4,5,3,1,0.5,2,0.286,true
4,5,2,5,2,0.4,16781103,1388104,1,5,1,1,3,8,0,0,0.0,0,0.0,true
32,34,3,9,10,0.294,3284197,224709,1,28,2,2,3,6,2,3,1.0,9,1.0,true
305,4,2,4,2,0.5,4016801,2087218,1,3,2,1,2,2,1,1,0.5,2,0.5,true
992,60,1,3,5,0.083,16232730,7677958,1,50,1,1,3,2,5,0,0.0,1,0.333,false
38,9,2,9,7,0.778,877264,342945,1,5,1,1,5,6,6,2,1.0,7,0.778,true
4,5,0,4,2,0.4,42657354,1713091,1,5,1,1,5,5,1,0,0,1,0.25,true
218,19,2,3,12,0.632,4497950,298280,1,10,5,6,2,2,2,1,0.5,2,0.667,true
48,8,4,7,7,0.875,2791983,415468,1,1,1,1,2,1,1,4,1.0,7,1.0,true
34,6,5,6,1,0.167,3130371,1621277,1,6,1,2,5,1,5,0,0.0,0,0.0,true
89,15,1,4,2,0.133,270336,245340,1,15,1,1,3,3,2,0,0.0,0,0.0,false
48,8,2,2,3,0.375,3726443,1912758,1,6,1,1,3,3,7,2,1.0,2,1.0,true
2,4,1,2,2,0.5,24290565,4018631,1,4,1,1,2,1,3,0,0.0,0,0.0,true
40,4,0,3,3,0.75,819836,2316066,1,4,3,3,5,3,0,0,0,2,0.667,true
193,14,0,0,2,0.143,1232913,675659,1,6,1,1,1,1,2,0,0,0,0,false
99,44,0,8,1,0.023,699113,927313,1,44,1,1,3,2,1,0,0,1,0.125,false
5,2,1,2,0,0.0,456710,403404,1,2,1,1,1,2,0,0,0.0,0,0.0,false
231,43,1,10,3,0.07,858527,238529,1,32,1,1,3,3,3,0,0.0,0,0.0,false
6,2,1,1,0,0.0,180018,273757,1,2,1,1,1,1,0,0,0.0,0,0.0,false
51,35,0,14,0,0.0,2193429,1643693,1,21,1,1,3,7,1,0,0,0,0.0,false
4,1,0,1,0,0.0,3797976,2196638,1,1,1,1,4,27,4,0,0,0,0.0,true
54,8,7,7,2,0.25,1587523,538175,1,4,1,1,3,3,3,0,0.0,0,0.0,true
6,3,0,1,0,0.0,165847,631033,1,3,1,1,1,2,0,0,0,0,0.0,false
731,7,0,0,1,0.143,637801,1154702,1,3,1,1,1,5,3,0,0,0,0,false
650,6,0,1,0,0.0,184371,517401,1,5,1,1,3,4,3,0,0,0,0.0,false
100,7,0,5,7,1.0,1918393,2069694,1,5,1,2,3,8,4,0,0,3,0.6,true
322,28,2,3,5,0.179,744056,1077795,1,28,1,1,4,4,1,1,0.5,1,0.333,false
268,20,0,4,1,0.05,1686014,809197,1,7,1,1,1,4,1,0,0,0,0.0,false
317,16,0,1,0,0.0,265374,911254,1,13,1,2,2,5,1,0,0,0,0.0,false
28,15,3,10,4,0.267,3327724,593545,1,7,1,1,5,3,7,3,1.0,4,0.4,true
49,35,1,8,13,0.371,1756898,2685673,1,25,1,1,5,2,7,0,0.0,4,0.5,true
193,32,0,0,2,0.062,1436123,699360,1,15,1,1,3,4,4,0,0,0,0,false
586,16,2,5,1,0.062,1460386,1458307,1,16,1,1,3,6,1,0,0.0,0,0.0,false
296,8,1,1,8,1.0,3561735,2687541,1,1,4,7,2,5,4,1,1.0,1,1.0,true
143,18,1,8,3,0.167,1323915,951383,1,18,1,1,2,4,3,0,0.0,1,0.125,false
737,28,0,1,4,0.143,577937,756890,1,11,1,1,1,1,4,0,0,0,0.0,false
306,12,0,2,1,0.083,1289833,315165,1,5,1,1,3,4,1,0,0,0,0.0,false
380,38,0,8,1,0.026,1767918,527137,1,21,1,1,1,6,1,0,0,0,0.0,false
793,18,0,4,0,0.0,1462906,1029796,1,9,1,1,2,5,3,0,0,0,0.0,false
482,6,1,2,0,0.0,527591,1010623,1,6,1,1,3,4,1,0,0.0,0,0.0,false
7,7,0,5,2,0.286,18143114,1017377,1,2,1,1,6,10,1,0,0,0,0.0,true
549,25,0,5,2,0.08,1805316,703949,1,25,1,1,1,5,4,0,0,0,0.0,false
23,16,3,5,5,0.312,3830517,1462728,1,11,2,1,1,3,5,2,0.667,2,0.4,true
5,1,1,1,1,1.0,40138172,4552956,1,1,1,1,3,3,3,1,1.0,1,1.0,true
517,12,0,4,0,0.0,1151558,1060149,1,8,1,1,2,5,3,0,0,0,0.0,false
713,22,0,0,0,0.0,1129447,365141,1,7,1,1,3,3,4,0,0,0,0,false
41,11,6,6,3,0.273,307278,279347,1,11,2,2,2,6,3,1,0.167,3,0.5,true
5,1,1,1,0,0.0,22317985,485913,1,1,1,1,5,8,0,0,0.0,0,0.0,true
331,8,0,3,0,0.0,1054221,748210,1,5,1,1,3,5,4,0,0,0,0.0,false
111,20,0,3,15,0.75,966200,2779176,1,5,4,4,4,1,2,0,0,0,0.0,true
273,19,1,9,0,0.0,406825,1349558,1,15,1,1,3,1,4,0,0.0,0,0.0,false
1,6,2,4,2,0.333,15660340,1350342,1,6,1,1,5,4,2,1,0.5,1,0.25,true
103,7,1,2,4,0.571,393923,2435318,1,5,2,2,1,4,6,1,1.0,1,0.5,true
21,17,0,6,14,0.824,1219647,2253621,1,15,5,3,5,6,2,0,0,3,0.5,true
524,45,2,6,0,0.0,1336917,848131,1,45,1,1,2,4,1,0,0.0,0,0.0,false
108,11,0,7,5,0.455,4664755,913087,1,11,6,5,4,1,5,0,0,3,0.429,true
2,1,1,1,0,0.0,8006408,1045997,1,1,1,1,5,23,2,0,0.0,0,0.0,true
55,18,8,8,5,0.278,2477155,541515,1,2,1,2,4,3,2,4,0.5,4,0.5,true
308,34,2,9,5,0.147,823694,698174,1,34,1,1,1,1,4,1,0.5,2,0.222,false
2,3,0,1,0,0.0,610299,558160,1,3,1,1,1,2,0,0,0,0,0.0,false
5,3,1,3,0,0.0,477700,320820,1,3,1,1,1,1,0,0,0.0,0,0.0,false
343,44,1,2,7,0.159,448946,1243067,1,44,1,1,1,1,4,0,0.0,1,0.5,false
7,3,1,1,0,0.0,475303,157558,1,3,1,1,1,2,0,0,0.0,0,0.0,false
3,2,1,2,0,0.0,690754,680705,1,2,1,1,1,1,0,0,0.0,0,0.0,false
525,10,0,0,1,0.1,872980,699792,1,9,1,1,3,3,1,0,0,0,0,false
381,25,1,9,0,0.0,1619445,1792913,1,22,1,1,1,1,3,0,0.0,0,0.0,false
4,1,0,1,0,0.0,192168,222071,1,1,1,1,1,2,0,0,0,0,0.0,false
76,12,1,8,5,0.417,3466370,310506,1,11,2,1,1,2,8,0,0.0,5,0.625,true
3,4,1,3,1,0.25,23662746,3421793,1,4,1,1,3,3,1,0,0.0,0,0.0,true
1,2,0,2,0,0.0,2084565,1904341,1,2,1,1,9,12,3,0,0,0,0.0,true
6,2,0,2,0,0.0,383528,119286,1,2,1,1,1,1,0,0,0,0,0.0,false
289,32,1,3,2,0.062,1122202,1175297,1,32,1,1,3,2,3,0,0.0,0,0.0,false
100,42,0,5,2,0.048,1272283,626136,1,42,1,1,2,5,3,0,0,1,0.2,false
130,8,0,1,1,0.125,1262257,584440,1,6,1,1,1,2,3,0,0,0,0.0,false
1,2,0,2,0,0.0,353453,482206,1,2,1,1,1,1,0,0,0,0,0.0,false
248,39,2,3,5,0.128,1595721,1435117,1,39,1,1,2,4,3,1,0.5,2,0.667,false
7,5,3,5,5,1.0,1150082,2006922,1,5,1,1,5,9,3,2,0.667,5,1.0,true
718,26,0,0,1,0.038,467188,1124384,1,23,1,1,3,2,2,0,0,0,0,false
658,53,0,0,3,0.057,68011418,30560651,1,32,1,1,2,3,4,0,0,0,0,false
88,7,0,1,7,1.0,4600572,2243437,1,2,8,7,4,7,0,0,0,1,1.0,true
300,28,0,1,5,0.179,639106,553591,1,28,1,1,2,4,1,0,0,1,1.0,false
530,15,2,8,3,0.2,209096,1312254,1,15,1,1,1,5,4,0,0.0,2,0.25,false
22,17,0,12,17,1.0,1344193,1814077,1,16,1,1,4,5,6,0,0,8,0.667,true
130,10,2,5,1,0.1,1570630,241401,1,10,1,1,1,6,1,0,0.0,0,0.0,false
414,17,1,3,16,0.941,2563887,1033256,1,3,2,2,2,4,4,1,1.0,1,0.333,true
4,2,0,2,2,1.0,28366094,1049801,1,2,1,1,2,5,3,0,0,2,1.0,true
150,5,0,2,3,0.6,1492975,705841,1,3,2,2,3,6,5,0,0,2,1.0,true
150,13,0,3,1,0.077,771797,513148,1,3,2,1,1,5,1,0,0,0,0.0,false
359,29,0,1,2,0.069,1374721,1499726,1,29,1,1,4,6,3,0,0,1,1.0,false
57,8,6,7,7,0.875,1343320,975486,1,2,1,1,1,7,7,6,1.0,7,1.0,true
431,28,1,3,1,0.036,308361,920357,1,26,1,1,3,3,1,0,0.0,0,0.0,false
177,15,1,3,1,0.067,1082162,307914,1,7,1,1,1,4,3,0,0.0,1,0.333,false
52,9,5,8,3,0.333,4834285,1346345,1,1,1,2,1,7,3,2,0.4,3,0.375,true
4,1,1,1,0,0.0,226748,162237,1,1,1,1,1,3,0,0,0.0,0,0.0,false
2,1,0,1,1,1.0,20153511,550148,1,1,1,1,1,1,3,0,0,0,0.0,true
608,19,1,1,0,0.0,488287,551690,1,9,1,1,3,4,3,0,0.0,0,0.0,false
506,29,0,4,5,0.172,763262,981064,1,29,1,1,1,3,3,0,0,2,0.5,false
284,35,0,7,1,0.029,870563,340534,1,35,1,1,1,4,5,0,0,0,0.0,false
2,7,1,5,1,0.143,11066101,201483,1,1,1,1,7,27,5,1,1.0,1,0.2,true
160,27,2,2,3,0.111,1078341,420021,1,27,1,1,1,3,1,1,0.5,2,1.0,false
165,41,1,7,3,0.073,1692443,786836,1,41,1,1,1,1,2,0,0.0,0,0.0,false
29,34,3,5,25,0.735,1284376,2361891,1,25,2,2,2,7,4,1,0.333,3,0.6,true
4,1,1,1,1,1.0,37598644,1710489,1,1,1,1,3,4,2,0,0.0,0,0.0,true
618,10,0,0,1,0.1,716072,823629,1,4,1,1,1,3,3,0,0,0,0,false
1,3,0,2,0,0.0,538320,323420,1,3,1,1,1,1,0,0,0,0,0.0,false
290,6,1,4,6,1.0,594678,276045,1,3,2,2,2,2,5,0,0.0,2,0.5,true
288,10,2,2,5,0.5,1619819,1071080,1,8,7,4,1,3,3,0,0.0,0,0.0,true
331,39,1,1,1,0.026,1206612,1037384,1,19,1,1,3,2,3,0,0.0,0,0.0,false
42,17,7,7,2,0.118,4987474,1678227,1,3,1,1,3,4,4,1,0.143,1,0.143,true
5,2,1,1,0,0.0,309157,525807,1,2,1,1,1,1,0,0,0.0,0,0.0,false
187,15,2,10,12,0.8,5879081,1871309,1,13,1,2,3,2,1,0,0.0,10,1.0,true
6,7,0,3,1,0.143,34491059,2132314,1,7,1,1,4,7,1,0,0,0,0.0,true
344,30,0,2,3,0.1,48559355,11241757,1,27,1,1,3,2,5,0,0,1,0.5,false
47,13,4,10,0,0.0,4486839,784095,1,13,2,2,3,8,5,0,0.0,0,0.0,true
6,9,5,8,0,0.0,3974073,1742086,1,4,1,1,2,1,5,0,0.0,0,0.0,true
27,10,8,9,4,0.4,1967247,1766754,1,6,1,1,3,4,0,4,0.5,4,0.444,true
15,4,3,3,4,1.0,3521959,1613365,1,4,1,1,3,1,8,3,1.0,3,1.0,true
306,45,0,2,0,0.0,65385548,48347729,1,38,1,1,2,3,2,0,0,0,0.0,false
52,5,0,5,5,1.0,5870948,904151,1,5,1,2,5,2,6,0,0,3,0.6,true
1,2,0,2,0,0.0,228557,445249,1,2,1,1,1,2,0,0,0,0,0.0,false
142,10,3,8,9,0.9,2035809,972030,1,8,1,1,5,1,8,3,1.0,8,1.0,true
2,8,0,7,2,0.25,18944648,4319670,1,8,1,1,4,5,1,0,0,2,0.286,true
89,33,1,3,1,0.03,1136635,831604,1,16,1,1,2,2,3,0,0.0,1,0.333,false
427,44,1,10,0,0.0,2322140,994911,1,27,1,1,1,5,3,0,0.0,0,0.0,false
384,39,1,8,2,0.051,887840,1706540,1,22,1,1,1,1,4,0,0.0,0,0.0,false
145,40,0,4,0,0.0,436199,722084,1,27,1,1,3,2,4,0,0,0,0.0,false
321,17,2,10,15,0.882,3226012,1856738,1,10,1,1,2,1,2,1,0.5,8,0.8,true
104,14,0,1,0,0.0,961632,913991,1,14,1,1,3,2,4,0,0,0,0.0,false
482,39,2,5,2,0.051,358369,395233,1,39,1,1,4,5,3,1,0.5,1,0.2,false
4,3,0,1,0,0.0,34927759,3142564,1,3,1,1,5,5,3,0,0,0,0.0,true
101,27,2,9,16,0.593,1446721,428871,1,8,1,1,4,3,2,0,0.0,8,0.889,true
392,31,0,0,2,0.065,460444,1114893,1,21,1,1,1,4,1,0,0,0,0,false
26,13,2,8,11,0.846,1884098,889377,1,2,1,1,3,6,8,2,1.0,8,1.0,true
477,29,0,1,1,0.034,793908,1127114,1,22,1,1,1,2,4,0,0,1,1.0,false
364,31,2,6,0,0.0,832847,876547,1,31,1,1,2,2,4,0,0.0,0,0.0,false
679,37,0,3,4,0.108,390242,674294,1,13,1,1,3,4,3,0,0,0,0.0,false
59,12,3,11,11,0.917,2183430,626712,1,12,2,1,5,6,2,1,0.333,11,1.0,true
7,1,0,1,1,1.0,17319450,401456,1,1,1,1,8,10,4,0,0,1,1.0,true
3,6,1,6,2,0.333,15270629,2562594,1,4,1,1,9,10,3,1,1.0,1,0.167,true
41,9,2,5,8,0.889,2857308,1145560,1,3,1,1,2,5,1,2,1.0,5,1.0,true
418,14,0,3,2,0.143,1266573,920831,1,5,1,1,2,5,2,0,0,0,0.0,false
153,50,0,13,6,0.12,840676,1094361,1,34,1,1,3,4,5,0,0,0,0.0,false
72,6,6,6,6,1.0,1366219,1702117,1,5,1,1,1,7,7,6,1.0,6,1.0,true
728,20,0,3,1,0.05,78559074,22751683,1,12,1,1,3,8,5,0,0,0,0.0,false
5,8,1,4,1,0.125,11773413,319446,1,1,1,1,8,10,3,1,1.0,1,0.25,true
1,4,1,2,0,0.0,13586735,306635,1,4,1,1,6,22,0,0,0.0,0,0.0,true
7,1,1,1,0,0.0,629939,414217,1,1,1,1,1,3,0,0,0.0,0,0.0,false
41,15,4,9,5,0.333,311439,1515553,1,2,2,2,5,1,2,3,0.75,5,0.556,true
2,7,0,3,0,0.0,47580537,281653,1,7,1,1,5,6,3,0,0,0,0.0,true
2,4,0,3,1,0.25,32589641,2840871,1,4,1,1,1,4,3,0,0,0,0.0,true
4,1,0,1,0,0.0,218353,618179,1,1,1,1,1,2,0,0,0,0,0.0,false
6,3,0,1,0,0.0,656820,108223,1,3,1,1,1,3,0,0,0,0,0.0,false
166,31,0,8,0,0.0,1845936,349704,1,30,1,1,2,2,3,0,0,0,0.0,false
31,16,4,5,1,0.062,4706544,903419,1,3,2,1,1,7,5,0,0.0,1,0.2,true
3,1,1,1,0,0.0,150437,394849,1,1,1,1,1,1,0,0,0.0,0,0.0,false
700,17,1,4,2,0.118,735069,345933,1,13,1,1,3,2,2,0,0.0,0,0.0,false
441,10,2,4,9,0.9,4129788,750118,1,5,2,2,3,7,4,2,1.0,3,0.75,true
51,14,3,8,0,0.0,2631422,610445,1,1,1,2,1,7,1,0,0.0,0,0.0,true
872,46,1,2,6,0.13,78603195,23808374,1,35,1,1,2,3,1,0,0.0,0,0.0,false
80,19,1,4,19,1.0,3770964,1928275,1,3,1,1,4,2,4,0,0.0,4,1.0,true
31,7,1,3,7,1.0,1899191,1205051,1,7,1,2,4,1,3,0,0.0,2,0.667,true
140,21,1,13,13,0.619,4931777,699555,1,15,1,1,5,4,5,1,1.0,9,0.692,true
3,2,2,2,1,0.5,10908357,2065089,1,2,1,1,10,18,4,0,0.0,0,0.0,true
124,28,2,10,25,0.893,3138840,1454942,1,10,1,2,2,1,3,2,1.0,9,0.9,true
288,38,2,14,4,0.105,577835,665747,1,32,1,1,3,7,4,0,0.0,0,0.0,false
188,3,0,2,2,0.667,891376,1435297,1,3,1,2,2,1,1,0,0,2,1.0,true
198,12,1,8,8,0.667,4674423,1549043,1,9,2,1,1,8,2,0,0.0,8,1.0,true
28,13,1,7,12,0.923,2450808,2236357,1,12,4,5,1,5,3,1,1.0,6,0.857,true
3,4,1,2,1,0.25,12174031,1034604,1,3,1,1,7,29,5,0,0.0,0,0.0,true
4,5,1,3,2,0.4,9430519,1695945,1,1,1,1,3,13,5,1,1.0,2,0.667,true
191,27,1,2,1,0.037,336916,295878,1,27,1,1,3,3,4,0,0.0,1,0.5,false
91,6,3,5,6,1.0,5776057,1774422,1,5,2,2,3,8,6,2,0.667,3,0.6,true
300,22,3,13,16,0.727,3838656,2410171,1,22,1,1,2,6,1,0,0.0,13,1.0,true
7,8,1,7,1,0.125,30247370,941796,1,8,1,1,2,5,1,0,0.0,0,0.0,true
535,8,0,0,0,0.0,1213864,815422,1,8,1,1,2,5,4,0,0,0,0,false
283,28,0,1,4,0.143,65262252,42618166,1,20,1,1,4,4,2,0,0,1,1.0,false
23,17,7,10,4,0.235,2771434,806514,1,6,1,2,5,5,0,2,0.286,3,0.3,true
417,9,1,4,0,0.0,244265,662301,1,5,1,1,2,2,4,0,0.0,0,0.0,false
7,2,1,1,0,0.0,203088,328455,1,2,1,1,1,1,0,0,0.0,0,0.0,false
833,52,0,2,1,0.019,75389589,27203030,1,37,1,1,2,4,1,0,0,0,0.0,false
75,31,1,14,9,0.29,962643,1227796,1,16,1,2,2,3,8,1,1.0,9,0.643,true
227,32,0,5,4,0.125,44160831,37020406,1,23,1,1,1,5,5,0,0,1,0.2,false
126,27,2,13,3,0.111,1544877,240675,1,15,1,1,1,5,1,0,0.0,0,0.0,false
565,35,1,4,1,0.029,77259613,39253169,1,19,1,1,4,6,5,0,0.0,0,0.0,false
225,47,1,1,1,0.021,24572034,6111499,1,29,1,1,5,7,2,0,0.0,1,1.0,false
5,5,1,2,0,0.0,24119696,722849,1,5,1,1,2,8,0,0,0.0,0,0.0,true
773,30,0,0,1,0.033,732464,403870,1,28,1,1,1,3,4,0,0,0,0,false
231,48,1,13,5,0.104,2448815,1301488,1,44,1,1,1,5,1,0,0.0,0,0.0,false
453,10,2,7,0,0.0,1671803,1043636,1,10,1,1,1,6,5,1,0.5,1,0.143,false
94,21,1,8,2,0.095,2038852,1724854,1,10,1,1,2,1,2,0,0.0,0,0.0,false
504,9,0,2,0,0.0,306450,360778,1,6,1,1,1,3,1,0,0,0,0.0,false
111,12,0,9,10,0.833,5308928,246040,1,11,1,1,1,4,5,0,0,6,0.667,true
988,48,1,1,1,0.021,77555702,12886392,1,26,1,1,4,3,5,0,0.0,0,0.0,false
4,8,3,5,2,0.25,2731490,811663,1,2,1,1,1,3,4,1,0.333,2,0.4,true
790,37,0,0,0,0.0,798436,1143513,1,28,1,1,2,2,2,0,0,0,0,false
25,15,8,10,5,0.333,3950638,1343196,1,4,1,2,2,4,4,3,0.375,4,0.4,true
3,3,1,1,0,0.0,368519,143918,1,3,1,1,1,3,0,0,0.0,0,0.0,false
389,28,0,10,24,0.857,4471131,1769785,1,16,2,1,3,6,3,0,0,3,0.3,true
3,3,0,3,0,0.0,105755,586222,1,3,1,1,1,1,0,0,0,0,0.0,false
222,15,1,13,13,0.867,1313377,1174790,1,13,1,2,3,3,1,1,1.0,12,0.923,true
278,26,2,5,22,0.846,350283,224524,1,13,1,1,2,6,4,1,0.5,1,0.2,true
23,17,0,4,4,0.235,2511275,2752355,1,7,8,7,4,3,5,0,0,1,0.25,true
2,7,5,6,2,0.286,592002,1964696,1,6,1,1,3,7,2,1,0.2,2,0.333,true
7,3,1,3,0,0.0,528965,254044,1,3,1,1,1,3,0,0,0.0,0,0.0,false
87,30,2,13,0,0.0,1934688,1088229,1,26,1,1,3,2,3,0,0.0,0,0.0,false
110,25,1,14,25,1.0,3638416,1492266,1,14,1,2,1,2,2,1,1.0,12,0.857,true
4,3,1,3,0,0.0,18707142,2013605,1,1,1,1,9,28,2,0,0.0,0,0.0,true
2,3,0,1,0,0.0,581410,240626,1,3,1,1,1,2,0,0,0,0,0.0,false
205,34,2,8,4,0.118,1482037,996395,1,34,1,1,3,5,1,1,0.5,2,0.25,false
624,34,1,4,5,0.147,1441745,531604,1,15,1,1,2,5,1,0,0.0,0,0.0,false
232,32,2,15,17,0.531,3507563,2343398,1,22,1,1,1,2,5,0,0.0,15,1.0,true
372,44,2,3,0,0.0,1894876,1335500,1,44,1,1,4,5,2,0,0.0,0,0.0,false
5,8,1,8,0,0.0,5182537,589448,1,3,1,1,4,15,1,0,0.0,0,0.0,true
44,5,3,4,2,0.4,4823114,1873733,1,5,2,1,3,1,3,2,0.667,2,0.5,true
7,5,2,2,0,0.0,23012172,4484868,1,5,1,1,5,6,1,0,0.0,0,0.0,true
5,10,8,9,1,0.1,4250952,1427027,1,8,1,2,2,4,4,1,0.125,1,0.111,true
75,40,2,7,1,0.025,1991470,516205,1,40,1,1,2,2,3,1,0.5,1,0.143,false
5,3,1,1,0,0.0,433961,349826,1,3,1,1,1,2,0,0,0.0,0,0.0,false
541,15,0,0,2,0.133,566477,568534,1,12,1,1,2,3,2,0,0,0,0,false
49,8,6,8,1,0.125,2625465,1234001,1,2,2,2,5,7,2,0,0.0,0,0.0,true
183,11,1,9,1,0.091,409996,719793,1,11,1,1,2,3,5,0,0.0,0,0.0,false
203,44,2,2,5,0.114,668052,1281656,1,44,1,1,1,4,1,0,0.0,2,1.0,false
343,15,0,7,10,0.667,1466277,442471,1,11,2,2,4,6,6,0,0,4,0.571,true
145,28,0,12,14,0.5,1513561,579362,1,22,1,1,4,6,6,0,0,12,1.0,true
14,12,6,9,2,0.167,3759783,759802,1,5,1,2,5,4,3,0,0.0,2,0.222,true
255,7,0,6,6,0.857,3936641,1827765,1,4,2,2,1,7,4,0,0,3,0.5,true
1,2,0,2,2,1.0,10174625,2715942,1,2,1,1,4,8,1,0,0,1,0.5,true
37,25,0,12,2,0.08,1639784,1654994,1,24,1,1,1,3,4,0,0,0,0.0,false
369,36,2,2,1,0.028,944780,812333,1,36,1,1,3,6,1,0,0.0,0,0.0,false
20,7,0,4,6,0.857,1870363,1029738,1,3,1,1,3,6,2,0,0,3,0.75,true
513,8,1,5,1,0.125,333876,905237,1,8,1,1,3,6,3,0,0.0,0,0.0,false
5,8,1,3,0,0.0,45970328,2248870,1,8,1,1,3,3,4,0,0.0,0,0.0,true
16,19,6,9,1,0.053,997022,1371232,1,1,2,1,2,6,2,1,0.167,1,0.111,true
35,7,0,6,6,0.857,3170178,324430,1,6,2,2,1,1,1,0,0,3,0.5,true
2,2,0,2,0,0.0,505187,528479,1,2,1,1,1,3,0,0,0,0,0.0,false
2,3,0,2,0,0.0,296092,150559,1,3,1,1,1,1,0,0,0,0,0.0,false
12,3,3,3,0,0.0,719078,844533,1,1,2,1,5,2,0,0,0.0,0,0.0,true
27,7,6,6,0,0.0,4841885,476881,1,4,2,2,4,1,2,0,0.0,0,0.0,true
404,33,1,4,4,0.121,56218720,31718035,1,20,1,1,1,4,4,0,0.0,1,0.25,false
28,17,0,2,6,0.353,958318,1497187,1,5,5,6,4,3,3,0,0,2,1.0,true
228,23,0,9,22,0.957,864236,2203247,1,10,1,1,3,7,2,0,0,5,0.556,true
23,3,3,3,0,0.0,3755515,936665,1,1,1,1,2,5,4,0,0.0,0,0.0,true
3,2,1,1,0,0.0,556419,649691,1,2,1,1,1,3,0,0,0.0,0,0.0,false
7,8,1,1,1,0.125,7670249,700968,1,8,1,1,3,7,3,1,1.0,1,1.0,true
53,26,2,3,1,0.038,581853,1463300,1,26,1,1,3,5,2,1,0.5,1,0.333,false
293,5,0,3,3,0.6,1981708,217304,1,5,1,2,1,2,4,0,0,1,0.333,true
88,13,3,12,11,0.846,4248630,2051265,1,13,2,1,4,1,7,3,1.0,6,0.5,true
13,11,6,7,4,0.364,1860334,1945425,1,7,2,2,1,5,4,3,0.5,3,0.429,true
305,20,2,7,9,0.45,2957771,2471039,1,13,6,7,1,6,2,2,1.0,6,0.857,true
7,5,2,5,2,0.4,2878202,2073313,1,5,1,1,6,17,2,0,0.0,2,0.4,true
130,26,1,2,0,0.0,30629718,26651334,1,22,1,1,1,5,4,0,0.0,0,0.0,false
525,44,1,4,4,0.091,1820287,609830,1,44,1,1,2,2,1,0,0.0,1,0.25,false
406,46,2,9,4,0.087,2398854,716414,1,30,1,1,1,3,4,0,0.0,0,0.0,false
17,11,6,6,6,0.545,2102981,1530565,1,11,1,1,3,3,4,6,1.0,6,1.0,true
7,13,5,9,2,0.154,4783042,1416445,1,6,1,1,2,5,2,2,0.4,2,0.222,true
153,30,0,1,2,0.067,1489926,594818,1,30,1,1,3,5,1,0,0,1,1.0,false
61,3,2,2,3,1.0,1273852,1800433,1,2,1,1,2,2,8,2,1.0,2,1.0,true
402,50,0,10,6,0.12,2346084,1483609,1,30,1,1,4,5,4,0,0,0,0.0,false
196,23,0,8,3,0.13,263198,550980,1,23,1,1,3,5,1,0,0,0,0.0,false
474,19,2,5,16,0.842,578283,2353416,1,4,2,2,1,4,6,0,0.0,1,0.2,true
489,18,2,4,10,0.556,2433071,1407800,1,16,2,1,4,7,2,0,0.0,2,0.5,true
66,4,1,3,2,0.5,4914242,1139925,1,4,2,2,3,7,1,0,0.0,1,0.333,true
84,21,0,14,1,0.048,2235790,601849,1,11,1,1,1,5,4,0,0,0,0.0,false
74,5,5,5,5,1.0,1999786,470260,1,4,1,1,2,7,6,5,1.0,5,1.0,true
518,40,1,1,6,0.15,136161,345147,1,22,1,1,1,4,2,0,0.0,1,1.0,false
175,28,0,11,13,0.464,3843662,2185674,1,22,2,2,1,9,5,0,0,8,0.727,true
681,11,0,4,0,0.0,200386,507705,1,11,1,2,3,4,4,0,0,0,0.0,false
1,2,1,2,0,0.0,645497,219449,1,2,1,1,1,3,0,0,0.0,0,0.0,false
6,7,6,7,2,0.286,3052431,1235390,1,1,2,2,4,5,5,1,0.167,1,0.143,true
8,14,0,11,3,0.214,28000000,83000000,1,14,1,1,1,1,0,0,0,3,0.273,false
8,14,0,11,3,0.214,142000000,83000000,1,14,1,1,3,6,0,0,0,3,0.273,false
8,14,0,11,3,0.214,36000000,83000000,1,14,1,1,1,2,0,0,0,3,0.273,false
10,12,0,7,2,0.167,25000000,60000000,1,12,1,1,2,3,0,0,0,1,0.143,false
12,18,0,8,4,0.222,15000000,50000000,1,17,1,1,2,4,0,0,0,2,0.25,false
15,20,0,6,4,0.2,5000000,12000000,1,18,1,1,2,3,0,0,0,1,0.167,false
20,25,1,7,5,0.2,9000000,10000000,1,20,1,1,2,4,0,0,0,2,0.286,false
30,30,1,9,6,0.2,12000000,15000000,1,25,1,1,3,5,1,0,0,2,0.222,false
45,40,1,10,8,0.2,18000000,22000000,1,35,1,1,4,7,1,0,0,2,0.2,false
60,55,1,12,10,0.182,22000000,26000000,1,50,1,1,3,6,1,0,0,2,0.167,false
90,80,1,15,12,0.15,30000000,35000000,1,70,1,1,4,8,1,0,0,2,0.133,false
120,100,1,18,15,0.15,45000000,50000000,1,90,1,1,5,9,2,0,0,3,0.167,false
7,1,0,1,0,0,1500000,1500000,1,1,1,1,1,1,0,0,0,0,0,false
6,1,0,1,0,0,1800000,1800000,1,1,1,1,1,2,0,0,0,0,0,false
5,2,0,2,0,0,1200000,1400000,1,2,1,1,1,1,0,0,0,0,0,false
6,2,1,2,0,0,1700000,1600000,1,2,1,1,1,2,0,0,0,0,0,false
9,3,1,3,0,0,2000000,1800000,1,3,1,1,2,3,0,0,0,0,0,false
10,4,1,4,1,0.25,2500000,2200000,1,4,1,1,2,3,0,0,0,1,0.25,false
14,5,1,5,1,0.2,3500000,3000000,1,5,1,1,2,4,0,0,0,1,0.2,false
18,6,1,5,1,0.167,4000000,3500000,1,6,1,1,2,5,0,0,0,1,0.2,false
25,8,1,5,2,0.25,5000000,4500000,1,7,1,1,2,4,1,0,0,1,0.2,false
35,10,1,6,2,0.2,7000000,6500000,1,9,1,1,3,5,1,0,0,1,0.167,false
50,15,1,6,3,0.2,9000000,8500000,1,13,1,1,3,6,1,0,0,1,0.167,false
70,18,1,7,4,0.222,10000000,9500000,1,15,1,1,3,5,1,0,0,2,0.286,false
100,25,1,8,5,0.2,14000000,13000000,1,22,1,1,4,7,1,0,0,2,0.25,false
150,35,1,10,7,0.2,20000000,18000000,1,30,1,1,4,8,2,0,0,2,0.2,false
4,1,1,1,0,0,1900000,1900000,1,1,1,1,1,1,0,0,0,0,0,false
5,1,1,1,0,0,2100000,2100000,0,0,1,1,1,1,0,0,0,0,0,false
6,2,1,2,0,0,2500000,2300000,0,0,1,1,1,2,0,0,0,0,0,false
8,3,1,3,0,0,3000000,2800000,0,0,1,1,2,3,0,0,0,0,0,false
12,5,1,4,1,0.2,4500000,4000000,0,0,1,1,2,3,0,0,0,1,0.25,false
20,7,1,5,1,0.143,6000000,5500000,0,0,1,1,3,4,0,0,0,1,0.2,false
3,3,2,3,0,0,1800000,1600000,1,3,1,1,1,3,0,0,0,0,0,true
4,4,2,4,1,0.25,2500000,2000000,1,4,1,1,2,4,1,0,0,1,0.25,true
5,5,2,5,1,0.2,3500000,2500000,1,5,1,1,2,5,1,0,0,1,0.2,true
6,6,2,6,2,0.333,4500000,3000000,1,6,1,1,3,6,1,0,0,2,0.333,true
7,7,2,7,2,0.286,6000000,3500000,1,7,1,1,3,7,1,0,0,2,0.286,true
5,3,1,3,1,0.333,3000000,2500000,1,3,1,1,2,3,1,0,0,1,0.333,true
10,6,1,5,2,0.333,6000000,4000000,1,6,1,1,2,4,1,0,0,2,0.4,true
12,8,1,6,3,0.375,7000000,4500000,1,8,1,1,3,5,1,0,0,3,0.5,true
15,10,1,7,4,0.4,8000000,5000000,1,10,1,1,3,6,1,0,0,4,0.571,true
20,12,1,7,5,0.417,9000000,5500000,1,12,1,1,3,6,2,0,0,4,0.571,true
2,5,4,5,3,0.6,5000000,3000000,1,5,1,1,3,8,2,2,0.5,3,0.6,true
3,4,3,4,4,1,2500000,2000000,1,4,1,1,1,2,2,3,1,4,1,true
4,6,3,6,4,0.667,4000000,2500000,1,6,1,1,2,5,2,2,0.667,4,0.667,true
5,8,4,8,5,0.625,7000000,3500000,1,8,1,1,3,7,3,2,0.5,5,0.625,true
6,10,4,10,6,0.6,9000000,4000000,1,10,1,1,4,9,3,2,0.5,6,0.6,true
5,2,1,2,0,0,8000000,4000000,1,2,4,1,2,5,0,0,0,0,0,true
5,2,1,2,0,0,8000000,4000000,1,2,1,4,2,5,0,0,0,0,0,true
6,3,1,3,0,0,10000000,5000000,1,3,5,1,3,6,0,0,0,0,0,true
6,3,1,3,0,0,10000000,5000000,1,3,1,5,3,6,0,0,0,0,0,true
1,1,1,1,0,0,10000000,10000000,1,1,1,1,5,15,0,0,0,0,0,true
2,1,1,1,0,0,12000000,12000000,1,1,1,1,4,12,0,0,0,0,0,true
3,2,1,2,0,0,15000000,9000000,1,2,1,1,5,16,0,0,0,0,0,true
4,2,1,2,0,0,18000000,10000000,1,2,1,1,6,20,0,0,0,0,0,true
2,3,2,3,0,0,9000000,4000000,1,3,1,1,3,10,1,0,0,0,0,true
3,4,2,4,1,0.25,12000000,5000000,1,4,1,1,4,12,1,0,0,1,0.25,true
4,5,2,5,1,0.2,15000000,6000000,1,5,1,1,4,14,1,0,0,1,0.2,true
7,6,3,6,1,0.167,20000000,7000000,1,6,1,1,5,15,1,0,0,1,0.167,true
10,10,3,8,3,0.3,25000000,8000000,1,10,1,1,5,18,2,1,0.333,3,0.375,true
8,14,0,11,3,0.214,280000,330000,1,14,1,1,1,1,0,0,0,3,0.273,false
8,14,0,11,3,0.214,420000,330000,1,14,1,1,2,3,0,0,0,3,0.273,false
8,14,0,11,3,0.214,650000,330000,1,14,1,1,3,5,0,0,0,3,0.273,false
10,12,0,7,2,0.167,250000,300000,1,12,1,1,1,1,0,0,0,1,0.143,false
12,18,0,8,4,0.222,450000,350000,1,17,1,1,2,3,0,0,0,2,0.25,false
15,20,0,6,4,0.2,520000,400000,1,18,1,1,2,4,0,0,0,1,0.167,false
20,25,1,7,5,0.2,690000,450000,1,20,1,1,3,5,0,0,0,2,0.286,false
30,30,1,9,6,0.2,850000,500000,1,25,1,1,3,6,1,0,0,2,0.222,false
45,40,1,10,8,0.2,950000,550000,1,35,1,1,4,7,1,0,0,2,0.2,false
60,55,1,12,10,0.182,1200000,650000,1,50,1,1,5,8,1,0,0,2,0.167,false

7,1,0,1,0,0,120000,120000,1,1,1,1,1,1,0,0,0,0,0,false
6,1,0,1,0,0,180000,180000,1,1,1,1,1,1,0,0,0,0,0,false
5,2,0,2,0,0,240000,180000,1,2,1,1,2,2,0,0,0,0,0,false
6,2,1,2,0,0,300000,220000,1,2,1,1,2,3,0,0,0,0,0,false
9,3,1,3,0,0,350000,250000,1,3,1,1,2,3,0,0,0,0,0,false
10,4,1,4,1,0.25,420000,300000,1,4,1,1,2,4,0,0,0,1,0.25,false
14,5,1,5,1,0.2,500000,350000,1,5,1,1,3,4,0,0,0,1,0.2,false
18,6,1,5,1,0.167,600000,400000,1,6,1,1,3,5,0,0,0,1,0.2,false
25,8,1,5,2,0.25,750000,450000,1,7,1,1,4,6,1,0,0,1,0.2,false
35,10,1,6,2,0.2,900000,500000,1,9,1,1,4,7,1,0,0,1,0.167,false

4,1,1,1,0,0,150000,150000,1,1,1,1,1,1,0,0,0,0,0,false
5,1,1,1,0,0,220000,220000,0,0,1,1,1,1,0,0,0,0,0,false
6,2,1,2,0,0,300000,250000,0,0,1,1,2,2,0,0,0,0,0,false
8,3,1,3,0,0,450000,300000,0,0,1,1,2,3,0,0,0,0,0,false
12,5,1,4,1,0.2,550000,350000,0,0,1,1,3,4,0,0,0,1,0.25,false
20,7,1,5,1,0.143,700000,450000,0,0,1,1,3,5,0,0,0,1,0.2,false

3,3,2,3,0,0,450000,250000,1,3,1,1,3,5,0,0,0,0,0,true
4,4,2,4,1,0.25,650000,300000,1,4,1,1,4,6,1,0,0,1,0.25,true
5,5,2,5,1,0.2,850000,350000,1,5,1,1,5,8,1,0,0,1,0.2,true
6,6,2,6,2,0.333,950000,400000,1,6,1,1,5,9,1,0,0,2,0.333,true
7,7,2,7,2,0.286,1200000,450000,1,7,1,1,6,10,1,0,0,2,0.286,true

5,3,1,3,1,0.333,450000,300000,1,3,1,1,2,4,1,0,0,1,0.333,true
10,6,1,5,2,0.333,700000,350000,1,6,1,1,3,5,1,0,0,2,0.4,true
12,8,1,6,3,0.375,850000,400000,1,8,1,1,4,6,1,0,0,3,0.5,true
15,10,1,7,4,0.4,950000,450000,1,10,1,1,4,7,1,0,0,4,0.571,true
20,12,1,7,5,0.417,1100000,500000,1,12,1,1,5,8,2,0,0,4,0.571,true

2,5,4,5,3,0.6,900000,300000,1,5,1,1,5,9,2,2,0.5,3,0.6,true
3,4,3,4,4,1,500000,250000,1,4,1,1,3,5,2,3,1,4,1,true
4,6,3,6,4,0.667,850000,300000,1,6,1,1,5,8,2,2,0.667,4,0.667,true
5,8,4,8,5,0.625,1200000,400000,1,8,1,1,6,10,3,2,0.5,5,0.625,true
6,10,4,10,6,0.6,1500000,450000,1,10,1,1,7,12,3,2,0.5,6,0.6,true

5,2,1,2,0,0,1500000,350000,1,2,4,1,5,8,0,0,0,0,0,true
5,2,1,2,0,0,1500000,350000,1,2,1,4,5,8,0,0,0,0,0,true
6,3,1,3,0,0,1800000,400000,1,3,5,1,6,10,0,0,0,0,0,true
6,3,1,3,0,0,1800000,400000,1,3,1,5,6,10,0,0,0,0,0,true

1,1,1,1,0,0,2500000,2500000,1,1,1,1,10,20,0,0,0,0,0,true
2,1,1,1,0,0,3000000,3000000,1,1,1,1,12,24,0,0,0,0,0,true
3,2,1,2,0,0,3500000,1800000,1,2,1,1,14,28,0,0,0,0,0,true
4,2,1,2,0,0,4000000,2000000,1,2,1,1,16,32,0,0,0,0,0,true